Time,Open,High,Low,Close,Volume
2022-01-01 00:00:00,170.02,172.56,169.94,172.37,9183.39
2022-01-01 01:00:00,172.41,174.43,171.82,172.72,17976.95
2022-01-01 02:00:00,172.72,173.31,172.6,172.76,4592.0
2022-01-01 03:00:00,172.78,173.13,172.53,172.93,3636.01
2022-01-01 04:00:00,173.0,173.13,171.43,171.43,5421.88
2022-01-01 05:00:00,171.49,174.31,171.34,173.27,8063.85
2022-01-01 06:00:00,173.29,173.74,172.37,172.45,6741.12
2022-01-01 07:00:00,172.41,173.4,172.06,173.11,4858.86
2022-01-01 08:00:00,173.19,173.35,172.59,172.9,4628.7
2022-01-01 09:00:00,172.92,173.3,172.13,172.78,2760.82
2022-01-01 10:00:00,172.74,173.41,170.84,171.92,6619.5
2022-01-01 11:00:00,171.93,172.67,171.56,171.56,2464.26
2022-01-01 12:00:00,171.56,172.97,171.47,172.71,4439.14
2022-01-01 13:00:00,172.78,173.13,172.44,172.66,2733.14
2022-01-01 14:00:00,172.72,172.99,172.06,172.6,2510.51
2022-01-01 15:00:00,172.56,174.22,172.32,173.85,5314.85
2022-01-01 16:00:00,173.88,174.91,173.58,173.64,10608.27
2022-01-01 17:00:00,173.72,175.46,173.62,175.08,7532.91
2022-01-01 18:00:00,175.09,175.64,174.71,175.52,5156.43
2022-01-01 19:00:00,175.51,177.35,175.51,177.31,12814.67
2022-01-01 20:00:00,177.35,179.2,176.74,177.73,9942.03
2022-01-01 21:00:00,177.79,178.82,176.2,176.41,9240.2
2022-01-01 22:00:00,176.41,177.56,176.28,177.29,7522.93
2022-01-01 23:00:00,177.29,179.13,177.02,179.12,9949.78
2022-01-02 00:00:00,179.13,179.58,177.78,178.55,12912.28
2022-01-02 01:00:00,178.65,179.08,177.8,177.94,4540.09
2022-01-02 02:00:00,177.91,178.79,177.81,178.37,4737.8
2022-01-02 03:00:00,178.31,178.76,176.68,177.68,8285.94
2022-01-02 04:00:00,177.67,178.06,175.19,175.83,8054.29
2022-01-02 05:00:00,175.89,176.69,175.67,176.66,5385.11
2022-01-02 06:00:00,176.65,176.93,175.79,175.84,4578.31
2022-01-02 07:00:00,175.8,176.51,175.59,175.94,4601.34
2022-01-02 08:00:00,175.86,176.0,174.56,175.11,11180.45
2022-01-02 09:00:00,175.11,176.33,174.7,175.72,6005.45
2022-01-02 10:00:00,175.74,176.07,175.28,175.33,3850.21
2022-01-02 11:00:00,175.37,176.28,175.31,175.63,2819.91
2022-01-02 12:00:00,175.68,176.83,175.05,175.99,5580.33
2022-01-02 13:00:00,176.0,176.2,175.57,176.04,5794.19
2022-01-02 14:00:00,175.99,176.26,175.33,175.43,4300.82
2022-01-02 15:00:00,175.41,176.33,175.14,176.25,4110.04
2022-01-02 16:00:00,176.23,178.07,176.23,177.98,7439.25
2022-01-02 17:00:00,178.0,178.74,177.31,177.79,9469.43
2022-01-02 18:00:00,177.76,177.76,174.4,175.84,11802.77
2022-01-02 19:00:00,175.75,176.38,175.11,175.37,5815.3
2022-01-02 20:00:00,175.35,175.85,174.66,175.76,5366.76
2022-01-02 21:00:00,175.74,176.13,175.26,175.74,5844.97
2022-01-02 22:00:00,175.72,177.01,175.7,176.81,4325.4
2022-01-02 23:00:00,176.83,177.11,175.83,176.36,5369.94
2022-01-03 00:00:00,176.39,176.5,175.13,175.34,5470.12
2022-01-03 01:00:00,175.33,175.33,174.19,174.79,5029.5
2022-01-03 02:00:00,174.74,174.74,173.21,173.47,9197.35
2022-01-03 03:00:00,173.45,173.75,172.15,172.8,9365.3
2022-01-03 04:00:00,172.82,173.25,172.05,172.16,6738.9
2022-01-03 05:00:00,172.15,173.88,172.04,173.52,9442.71
2022-01-03 06:00:00,173.5,173.57,172.8,173.18,5091.25
2022-01-03 07:00:00,173.13,173.19,172.5,173.1,3450.98
2022-01-03 08:00:00,173.14,173.55,172.56,173.01,4780.04
2022-01-03 09:00:00,173.04,173.4,172.36,173.27,4028.36
2022-01-03 10:00:00,173.29,174.59,173.29,174.07,4925.48
2022-01-03 11:00:00,174.1,175.0,174.07,174.75,5512.52
2022-01-03 12:00:00,174.8,175.02,173.88,174.04,7444.36
2022-01-03 13:00:00,174.02,175.42,173.96,174.77,6092.63
2022-01-03 14:00:00,174.71,175.81,173.91,173.96,7764.01
2022-01-03 15:00:00,173.97,174.57,170.9,170.98,15075.53
2022-01-03 16:00:00,170.98,171.38,169.0,170.24,26939.65
2022-01-03 17:00:00,170.19,171.73,169.9,170.66,8374.97
2022-01-03 18:00:00,170.64,171.35,170.5,170.6,4318.49
2022-01-03 19:00:00,170.63,170.84,169.94,169.94,6987.92
2022-01-03 20:00:00,169.94,170.09,166.67,168.44,23228.79
2022-01-03 21:00:00,168.59,169.92,168.05,169.05,9346.82
2022-01-03 22:00:00,169.06,170.68,168.57,170.07,4974.42
2022-01-03 23:00:00,170.1,171.09,169.54,170.1,6657.66
2022-01-04 00:00:00,170.15,170.42,168.16,168.43,10319.54
2022-01-04 01:00:00,168.42,169.53,167.81,167.9,9062.74
2022-01-04 02:00:00,167.93,168.35,167.0,167.68,7306.91
2022-01-04 03:00:00,167.68,168.09,167.0,167.84,5638.06
2022-01-04 04:00:00,167.8,168.31,166.46,166.79,5748.15
2022-01-04 05:00:00,166.74,168.17,166.6,167.49,7551.41
2022-01-04 06:00:00,167.51,168.17,167.09,167.97,5315.39
2022-01-04 07:00:00,168.0,169.17,167.5,169.03,10637.22
2022-01-04 08:00:00,169.01,169.64,168.37,168.68,9254.72
2022-01-04 09:00:00,168.7,169.0,167.5,167.83,9126.34
2022-01-04 10:00:00,167.82,170.29,167.32,169.89,13909.88
2022-01-04 11:00:00,169.88,172.27,169.88,171.67,16139.56
2022-01-04 12:00:00,171.69,171.95,170.52,171.7,17497.59
2022-01-04 13:00:00,171.66,172.18,170.75,171.48,18484.78
2022-01-04 14:00:00,171.54,173.44,171.21,173.07,14397.53
2022-01-04 15:00:00,173.03,173.85,171.57,172.19,14546.02
2022-01-04 16:00:00,172.16,172.48,171.0,171.51,11129.05
2022-01-04 17:00:00,171.5,171.77,170.06,170.15,6798.33
2022-01-04 18:00:00,170.18,170.88,167.07,167.57,15632.67
2022-01-04 19:00:00,167.55,169.94,167.15,168.56,15164.43
2022-01-04 20:00:00,168.55,169.45,168.09,168.69,5677.69
2022-01-04 21:00:00,168.69,169.28,168.17,169.07,4644.1
2022-01-04 22:00:00,169.06,169.12,167.99,168.95,3957.99
2022-01-04 23:00:00,168.9,168.95,167.51,167.74,5082.99
2022-01-05 00:00:00,167.74,168.88,167.2,168.88,6435.98
2022-01-05 01:00:00,168.88,168.89,167.24,167.27,5873.48
2022-01-05 02:00:00,167.29,168.6,167.29,168.4,6572.5
2022-01-05 03:00:00,168.44,169.28,168.4,169.12,4624.9
2022-01-05 04:00:00,169.21,169.34,168.31,168.68,6325.45
2022-01-05 05:00:00,168.65,169.08,168.09,169.05,2751.79
2022-01-05 06:00:00,169.01,170.13,168.61,170.07,5144.05
2022-01-05 07:00:00,170.08,170.47,169.38,169.9,7459.03
2022-01-05 08:00:00,169.9,170.09,169.09,169.8,4941.53
2022-01-05 09:00:00,169.8,170.86,169.63,170.84,5892.77
2022-01-05 10:00:00,170.84,171.32,169.72,170.7,6900.96
2022-01-05 11:00:00,170.7,170.79,168.0,168.52,13669.07
2022-01-05 12:00:00,168.51,169.0,167.53,168.71,9404.26
2022-01-05 13:00:00,168.71,169.24,168.0,168.55,9675.19
2022-01-05 14:00:00,168.56,168.92,167.5,168.21,12714.26
2022-01-05 15:00:00,168.29,169.22,167.97,168.28,18346.52
2022-01-05 16:00:00,168.28,168.67,167.52,167.7,9722.25
2022-01-05 17:00:00,167.67,168.1,163.06,163.52,24175.7
2022-01-05 18:00:00,163.6,165.34,162.62,163.86,23013.04
2022-01-05 19:00:00,163.86,164.34,157.57,158.63,44218.76
2022-01-05 20:00:00,158.64,159.74,155.15,156.31,43193.15
2022-01-05 21:00:00,156.3,158.23,153.39,153.39,29481.72
2022-01-05 22:00:00,153.39,154.33,144.75,151.57,71199.89
2022-01-05 23:00:00,151.55,156.12,151.13,154.5,23032.94
2022-01-06 00:00:00,154.46,154.77,152.74,154.36,19752.29
2022-01-06 01:00:00,154.29,154.41,151.63,152.48,16508.65
2022-01-06 02:00:00,152.44,152.66,150.4,150.88,18146.24
2022-01-06 03:00:00,150.87,151.37,148.05,148.11,13808.18
2022-01-06 04:00:00,148.12,150.57,147.0,149.42,23681.88
2022-01-06 05:00:00,149.45,150.93,148.54,149.33,12589.48
2022-01-06 06:00:00,149.33,150.18,148.6,149.38,10023.23
2022-01-06 07:00:00,149.41,150.78,148.76,150.7,13919.19
2022-01-06 08:00:00,150.7,150.93,148.7,149.6,14368.0
2022-01-06 09:00:00,149.63,149.76,146.7,146.93,21589.85
2022-01-06 10:00:00,147.03,148.75,146.21,148.35,18491.51
2022-01-06 11:00:00,148.35,148.7,146.64,147.54,12274.48
2022-01-06 12:00:00,147.48,149.01,146.32,149.0,18655.01
2022-01-06 13:00:00,148.99,149.79,148.23,149.49,20794.99
2022-01-06 14:00:00,149.5,151.01,148.0,148.51,27170.71
2022-01-06 15:00:00,148.51,150.0,147.28,149.64,18710.49
2022-01-06 16:00:00,149.65,150.49,148.81,150.37,13415.54
2022-01-06 17:00:00,150.37,152.68,150.23,152.23,10027.7
2022-01-06 18:00:00,152.25,154.4,151.9,154.29,12604.54
2022-01-06 19:00:00,154.31,154.32,153.37,153.85,11669.85
2022-01-06 20:00:00,153.86,153.93,151.14,151.75,16371.85
2022-01-06 21:00:00,151.75,152.14,151.07,151.13,6504.78
2022-01-06 22:00:00,151.11,152.13,150.53,151.96,5593.44
2022-01-06 23:00:00,152.01,152.05,150.07,150.27,6405.45
2022-01-07 00:00:00,150.25,150.67,145.66,145.96,35676.51
2022-01-07 01:00:00,145.98,147.77,145.96,147.2,16237.23
2022-01-07 02:00:00,147.2,147.52,144.52,144.84,24543.68
2022-01-07 03:00:00,144.87,145.14,138.0,139.53,82086.12
2022-01-07 04:00:00,139.61,140.77,135.5,140.12,76183.7
2022-01-07 05:00:00,140.18,141.11,138.88,139.98,33927.97
2022-01-07 06:00:00,140.03,140.13,136.31,137.12,27034.39
2022-01-07 07:00:00,137.13,139.33,134.55,138.96,38164.16
2022-01-07 08:00:00,138.97,143.84,138.24,139.6,34634.73
2022-01-07 09:00:00,139.56,142.21,139.27,141.09,16866.57
2022-01-07 10:00:00,141.04,141.57,139.07,139.08,18960.1
2022-01-07 11:00:00,139.07,140.26,138.35,139.13,12389.16
2022-01-07 12:00:00,139.1,141.9,139.1,140.86,12956.64
2022-01-07 13:00:00,140.89,142.78,136.0,137.9,38325.56
2022-01-07 14:00:00,138.08,140.54,137.35,139.87,22131.37
2022-01-07 15:00:00,139.92,140.01,133.02,135.96,50631.06
2022-01-07 16:00:00,135.89,140.04,134.43,139.51,43693.22
2022-01-07 17:00:00,139.45,140.21,138.0,140.19,15741.82
2022-01-07 18:00:00,140.14,140.37,138.34,139.43,9461.81
2022-01-07 19:00:00,139.5,140.45,138.28,140.12,14130.58
2022-01-07 20:00:00,140.2,140.97,138.65,139.65,14205.5
2022-01-07 21:00:00,139.73,140.42,139.35,139.65,6359.67
2022-01-07 22:00:00,139.63,139.65,136.06,136.82,13324.79
2022-01-07 23:00:00,136.76,137.42,135.95,136.42,6846.36
2022-01-08 00:00:00,136.43,140.04,135.81,139.97,22258.63
2022-01-08 01:00:00,139.97,141.49,139.63,139.8,13022.22
2022-01-08 02:00:00,139.84,140.12,138.34,139.8,6985.52
2022-01-08 03:00:00,139.83,139.83,138.23,139.38,7030.03
2022-01-08 04:00:00,139.38,141.87,139.34,141.14,12976.03
2022-01-08 05:00:00,141.13,141.98,140.69,141.88,11658.99
2022-01-08 06:00:00,141.84,143.77,140.43,143.66,15658.94
2022-01-08 07:00:00,143.65,144.63,142.52,144.39,16041.04
2022-01-08 08:00:00,144.41,146.38,144.23,145.7,21862.49
2022-01-08 09:00:00,145.72,147.0,145.69,146.9,16843.01
2022-01-08 10:00:00,146.89,148.06,145.92,146.65,27535.25
2022-01-08 11:00:00,146.64,146.72,144.87,146.42,30380.07
2022-01-08 12:00:00,146.51,146.79,144.15,145.23,18766.66
2022-01-08 13:00:00,145.22,145.97,144.43,145.55,18085.53
2022-01-08 14:00:00,145.55,145.75,143.27,143.51,15535.09
2022-01-08 15:00:00,143.57,144.74,142.25,144.22,25497.67
2022-01-08 16:00:00,144.21,146.11,139.78,140.69,41646.07
2022-01-08 17:00:00,140.69,141.18,135.1,135.4,50953.36
2022-01-08 18:00:00,135.45,138.27,133.03,133.6,71477.78
2022-01-08 19:00:00,133.63,136.4,133.13,135.37,37075.54
2022-01-08 20:00:00,135.36,138.99,134.61,137.62,32005.49
2022-01-08 21:00:00,137.58,145.93,137.31,144.42,56821.12
2022-01-08 22:00:00,144.45,146.89,143.63,144.36,38747.0
2022-01-08 23:00:00,144.29,144.46,141.61,142.14,25556.88
2022-01-09 00:00:00,142.18,145.38,140.78,144.65,27797.02
2022-01-09 01:00:00,144.63,145.29,141.75,142.62,30054.93
2022-01-09 02:00:00,142.6,144.44,141.78,143.89,21637.65
2022-01-09 03:00:00,143.87,143.95,141.48,141.96,12168.71
2022-01-09 04:00:00,141.95,143.64,141.76,143.49,11183.88
2022-01-09 05:00:00,143.53,143.72,140.85,141.16,12789.12
2022-01-09 06:00:00,141.14,142.18,140.53,141.62,10135.92
2022-01-09 07:00:00,141.61,142.06,140.09,140.4,8311.21
2022-01-09 08:00:00,140.42,141.31,139.06,139.34,10786.07
2022-01-09 09:00:00,139.25,139.95,138.45,138.74,12060.78
2022-01-09 10:00:00,138.78,139.98,137.82,139.68,14493.11
2022-01-09 11:00:00,139.66,141.12,139.63,140.64,19558.52
2022-01-09 12:00:00,140.65,140.9,139.21,139.99,12726.85
2022-01-09 13:00:00,139.97,140.7,138.45,138.45,11262.7
2022-01-09 14:00:00,138.45,140.5,138.45,139.82,10385.81
2022-01-09 15:00:00,139.81,140.24,137.99,140.11,14217.66
2022-01-09 16:00:00,140.11,143.45,139.7,143.45,19364.52
2022-01-09 17:00:00,143.46,144.79,142.45,144.55,28475.96
2022-01-09 18:00:00,144.59,145.0,143.11,143.32,21259.76
2022-01-09 19:00:00,143.36,145.79,143.01,145.31,22494.04
2022-01-09 20:00:00,145.36,145.66,143.67,143.67,12545.47
2022-01-09 21:00:00,143.67,143.99,142.07,142.27,13737.62
2022-01-09 22:00:00,142.27,142.6,140.85,141.45,9831.25
2022-01-09 23:00:00,141.49,141.76,140.01,140.84,11509.01
2022-01-10 00:00:00,140.8,142.53,140.18,140.51,17214.4
2022-01-10 01:00:00,140.47,141.43,140.01,140.3,6900.75
2022-01-10 02:00:00,140.36,141.41,138.87,141.0,10502.38
2022-01-10 03:00:00,141.0,141.0,139.86,140.66,9431.84
2022-01-10 04:00:00,140.59,143.62,140.33,143.18,15282.53
2022-01-10 05:00:00,143.18,143.34,142.36,143.0,7561.26
2022-01-10 06:00:00,143.03,143.29,142.31,142.32,11947.07
2022-01-10 07:00:00,142.31,143.78,142.3,143.02,10705.98
2022-01-10 08:00:00,143.07,143.46,141.18,141.56,10375.61
2022-01-10 09:00:00,141.52,142.13,141.18,141.34,7650.54
2022-01-10 10:00:00,141.25,142.15,140.67,140.89,11186.7
2022-01-10 11:00:00,140.89,140.9,139.0,139.47,12530.6
2022-01-10 12:00:00,139.46,139.72,135.41,135.55,26375.47
2022-01-10 13:00:00,135.55,136.74,135.1,135.44,24631.43
2022-01-10 14:00:00,135.41,135.62,130.0,133.35,106677.43
2022-01-10 15:00:00,133.31,135.76,130.75,133.17,45566.11
2022-01-10 16:00:00,133.16,137.26,132.64,136.78,38148.34
2022-01-10 17:00:00,136.79,137.52,131.0,132.92,36254.07
2022-01-10 18:00:00,132.92,134.67,132.6,133.76,16578.45
2022-01-10 19:00:00,133.75,134.64,132.33,132.64,10053.08
2022-01-10 20:00:00,132.71,135.7,131.9,135.32,17385.08
2022-01-10 21:00:00,135.33,135.71,134.55,135.19,11091.87
2022-01-10 22:00:00,135.19,135.96,134.52,134.96,7716.52
2022-01-10 23:00:00,134.95,136.09,134.43,135.9,5268.21
2022-01-11 00:00:00,135.83,136.14,135.06,135.1,7969.02
2022-01-11 01:00:00,135.1,135.66,133.59,135.66,16273.78
2022-01-11 02:00:00,135.66,137.49,135.4,136.96,12441.77
2022-01-11 03:00:00,136.98,137.5,136.12,137.26,9560.25
2022-01-11 04:00:00,137.34,137.88,136.06,136.63,8977.31
2022-01-11 05:00:00,136.63,136.63,135.07,135.64,7454.75
2022-01-11 06:00:00,135.64,136.75,135.5,136.74,9058.27
2022-01-11 07:00:00,136.75,137.35,136.27,137.27,9144.72
2022-01-11 08:00:00,137.27,138.5,136.18,136.46,19161.44
2022-01-11 09:00:00,136.48,136.95,135.37,136.1,11075.9
2022-01-11 10:00:00,136.02,136.66,134.33,134.6,12668.3
2022-01-11 11:00:00,134.68,136.21,134.49,135.4,9022.63
2022-01-11 12:00:00,135.4,137.09,135.13,136.53,15298.23
2022-01-11 13:00:00,136.54,137.11,135.71,136.92,13838.27
2022-01-11 14:00:00,136.9,137.77,135.03,136.48,26749.82
2022-01-11 15:00:00,136.39,138.06,135.85,137.09,18218.92
2022-01-11 16:00:00,137.08,141.42,137.0,140.57,35171.53
2022-01-11 17:00:00,140.63,143.09,140.19,141.67,41607.44
2022-01-11 18:00:00,141.72,143.51,140.8,142.4,13300.56
2022-01-11 19:00:00,142.41,142.91,141.51,142.46,13987.42
2022-01-11 20:00:00,142.49,143.16,141.63,141.98,7425.33
2022-01-11 21:00:00,142.0,142.24,140.92,141.01,6405.23
2022-01-11 22:00:00,141.0,141.2,140.11,140.31,4904.28
2022-01-11 23:00:00,140.25,140.92,139.71,140.25,8933.1
2022-01-12 00:00:00,140.24,141.56,139.91,139.96,14227.68
2022-01-12 01:00:00,139.97,140.25,139.16,139.92,9127.03
2022-01-12 02:00:00,139.94,140.88,139.94,140.81,9068.78
2022-01-12 03:00:00,140.79,141.07,139.94,140.1,8067.95
2022-01-12 04:00:00,140.12,140.39,139.68,140.17,9878.62
2022-01-12 05:00:00,140.13,140.4,139.7,140.35,6654.35
2022-01-12 06:00:00,140.35,140.87,139.44,139.75,12044.1
2022-01-12 07:00:00,139.75,139.84,138.26,138.97,15955.96
2022-01-12 08:00:00,138.97,140.29,138.72,139.88,12381.85
2022-01-12 09:00:00,139.83,144.24,139.57,141.92,32977.65
2022-01-12 10:00:00,141.92,142.72,140.56,140.73,24908.59
2022-01-12 11:00:00,140.73,142.6,140.07,141.44,24731.96
2022-01-12 12:00:00,141.44,143.71,141.26,143.61,24375.37
2022-01-12 13:00:00,143.63,147.88,142.51,147.28,54002.95
2022-01-12 14:00:00,147.23,147.63,145.64,147.15,35721.68
2022-01-12 15:00:00,147.19,148.68,146.36,147.77,32836.61
2022-01-12 16:00:00,147.78,152.3,147.67,152.23,59760.97
2022-01-12 17:00:00,152.24,152.24,150.31,151.06,16293.35
2022-01-12 18:00:00,151.18,151.46,150.42,150.62,12645.06
2022-01-12 19:00:00,150.59,153.21,149.15,152.79,32062.61
2022-01-12 20:00:00,152.78,153.22,151.37,151.81,17872.73
2022-01-12 21:00:00,151.91,153.32,151.67,151.96,16169.04
2022-01-12 22:00:00,151.98,152.83,151.6,152.2,6798.61
2022-01-12 23:00:00,152.18,152.65,151.42,151.55,10933.64
2022-01-13 00:00:00,151.55,152.25,150.56,150.8,18113.39
2022-01-13 01:00:00,150.81,151.2,149.28,149.48,14062.42
2022-01-13 02:00:00,149.49,150.21,149.27,149.39,10000.12
2022-01-13 03:00:00,149.4,149.7,148.27,148.71,15438.47
2022-01-13 04:00:00,148.71,149.69,148.68,149.15,10139.71
2022-01-13 05:00:00,149.15,150.0,148.77,149.6,5051.57
2022-01-13 06:00:00,149.57,150.98,149.39,150.51,9729.55
2022-01-13 07:00:00,150.47,151.64,150.08,151.47,10547.44
2022-01-13 08:00:00,151.47,153.0,151.29,151.92,17611.5
2022-01-13 09:00:00,151.94,152.27,150.92,151.89,12617.52
2022-01-13 10:00:00,151.9,152.87,151.76,151.81,10620.55
2022-01-13 11:00:00,151.84,152.1,149.97,150.37,12783.03
2022-01-13 12:00:00,150.36,153.89,150.33,153.76,14474.27
2022-01-13 13:00:00,153.75,154.98,153.56,154.9,24831.33
2022-01-13 14:00:00,154.9,157.84,154.58,157.17,42285.97
2022-01-13 15:00:00,157.2,157.42,151.69,154.99,60043.42
2022-01-13 16:00:00,154.99,155.26,152.55,152.55,31028.02
2022-01-13 17:00:00,152.54,153.34,148.67,150.76,44720.99
2022-01-13 18:00:00,150.68,151.78,148.74,149.65,24957.61
2022-01-13 19:00:00,149.6,151.43,146.62,147.62,35720.47
2022-01-13 20:00:00,147.67,148.46,145.54,148.46,25076.56
2022-01-13 21:00:00,148.47,149.9,147.86,149.0,14764.65
2022-01-13 22:00:00,149.0,149.45,146.26,146.73,12631.53
2022-01-13 23:00:00,146.68,147.57,145.55,146.16,19127.82
2022-01-14 00:00:00,146.16,148.05,144.41,147.74,27928.47
2022-01-14 01:00:00,147.84,147.98,146.75,147.39,15513.77
2022-01-14 02:00:00,147.38,147.94,145.76,147.87,12261.43
2022-01-14 03:00:00,147.88,148.03,146.8,147.6,12658.99
2022-01-14 04:00:00,147.56,149.0,147.5,147.91,10989.96
2022-01-14 05:00:00,147.92,149.46,147.21,149.4,11172.92
2022-01-14 06:00:00,149.36,150.61,148.84,149.63,15093.64
2022-01-14 07:00:00,149.66,149.67,146.84,147.77,19814.09
2022-01-14 08:00:00,147.77,147.86,145.21,146.24,20363.84
2022-01-14 09:00:00,146.25,147.42,146.2,146.64,9611.84
2022-01-14 10:00:00,146.63,147.07,142.64,143.18,44234.44
2022-01-14 11:00:00,143.19,143.77,141.94,143.48,26158.64
2022-01-14 12:00:00,143.43,144.95,142.06,143.81,18125.74
2022-01-14 13:00:00,143.84,145.28,142.89,143.36,17337.26
2022-01-14 14:00:00,143.32,146.99,142.97,146.6,22342.54
2022-01-14 15:00:00,146.66,148.4,145.72,147.34,22070.83
2022-01-14 16:00:00,147.39,148.17,145.6,147.79,21373.22
2022-01-14 17:00:00,147.84,148.61,145.82,145.93,9882.06
2022-01-14 18:00:00,145.97,147.22,145.7,146.96,6970.63
2022-01-14 19:00:00,146.97,149.84,146.81,148.4,18606.27
2022-01-14 20:00:00,148.4,149.08,146.66,146.66,12382.52
2022-01-14 21:00:00,146.67,147.68,146.34,147.09,12659.14
2022-01-14 22:00:00,147.08,147.56,146.29,147.03,9244.74
2022-01-14 23:00:00,147.01,147.42,145.4,146.24,8953.68
2022-01-15 00:00:00,146.25,146.54,145.11,145.77,9962.32
2022-01-15 01:00:00,145.79,146.99,145.53,146.54,9943.4
2022-01-15 02:00:00,146.5,147.34,146.02,147.07,9294.66
2022-01-15 03:00:00,147.08,147.17,145.71,146.0,9513.98
2022-01-15 04:00:00,146.0,146.34,144.66,145.25,11855.16
2022-01-15 05:00:00,145.2,145.9,145.16,145.22,8218.79
2022-01-15 06:00:00,145.22,145.7,144.77,145.7,9619.79
2022-01-15 07:00:00,145.69,145.89,145.12,145.56,4637.93
2022-01-15 08:00:00,145.55,146.12,145.27,145.42,7185.91
2022-01-15 09:00:00,145.41,145.8,145.0,145.69,14918.53
2022-01-15 10:00:00,145.54,146.41,145.43,145.73,11531.95
2022-01-15 11:00:00,145.73,146.85,145.45,146.49,6613.4
2022-01-15 12:00:00,146.48,146.76,144.0,144.84,15218.01
2022-01-15 13:00:00,144.83,145.55,144.34,145.43,10979.33
2022-01-15 14:00:00,145.46,146.87,145.12,146.55,13516.91
2022-01-15 15:00:00,146.53,148.66,145.94,148.0,17494.81
2022-01-15 16:00:00,148.06,148.8,147.67,148.13,9834.74
2022-01-15 17:00:00,148.12,148.88,147.95,148.41,11191.32
2022-01-15 18:00:00,148.41,148.57,147.23,147.58,16604.53
2022-01-15 19:00:00,147.65,148.45,147.46,147.95,6892.96
2022-01-15 20:00:00,148.0,149.56,148.0,148.81,11505.21
2022-01-15 21:00:00,148.81,149.18,147.62,148.02,9750.76
2022-01-15 22:00:00,148.07,148.85,147.99,148.52,6894.5
2022-01-15 23:00:00,148.53,148.71,147.46,147.7,7234.35
2022-01-16 00:00:00,147.69,147.86,146.8,147.41,5879.32
2022-01-16 01:00:00,147.45,148.23,147.26,147.26,4422.27
2022-01-16 02:00:00,147.25,147.72,146.19,146.53,7839.24
2022-01-16 03:00:00,146.52,147.27,146.15,146.93,4700.02
2022-01-16 04:00:00,146.94,147.8,146.41,147.3,5683.05
2022-01-16 05:00:00,147.27,147.6,146.56,146.6,6064.4
2022-01-16 06:00:00,146.56,148.67,146.49,148.52,9105.28
2022-01-16 07:00:00,148.53,150.07,148.34,149.77,12555.38
2022-01-16 08:00:00,149.77,150.79,148.93,149.05,9038.57
2022-01-16 09:00:00,149.05,149.59,148.85,149.19,5056.55
2022-01-16 10:00:00,149.22,150.08,148.31,148.36,7541.92
2022-01-16 11:00:00,148.34,148.65,147.64,148.19,11655.69
2022-01-16 12:00:00,148.19,149.3,148.06,148.85,8962.22
2022-01-16 13:00:00,148.86,150.0,147.14,149.89,18435.9
2022-01-16 14:00:00,149.86,151.98,149.34,151.31,19699.48
2022-01-16 15:00:00,151.27,151.46,149.73,150.02,16143.17
2022-01-16 16:00:00,150.02,151.0,149.67,150.23,12888.11
2022-01-16 17:00:00,150.24,150.75,149.18,149.61,12694.07
2022-01-16 18:00:00,149.58,149.94,148.56,148.87,8326.49
2022-01-16 19:00:00,148.87,149.03,147.81,148.06,7986.77
2022-01-16 20:00:00,148.04,148.71,147.4,147.77,7101.76
2022-01-16 21:00:00,147.77,148.24,146.0,146.77,28256.05
2022-01-16 22:00:00,146.76,148.25,146.57,147.89,9032.7
2022-01-16 23:00:00,147.96,148.46,147.36,148.05,5626.69
2022-01-17 00:00:00,148.04,148.33,146.58,146.86,7155.96
2022-01-17 01:00:00,146.78,147.05,145.65,146.03,12123.38
2022-01-17 02:00:00,146.02,146.09,144.64,145.15,11990.9
2022-01-17 03:00:00,145.15,145.27,143.0,143.02,24822.86
2022-01-17 04:00:00,143.0,143.99,142.58,142.86,11135.16
2022-01-17 05:00:00,142.83,143.2,141.76,143.07,13964.15
2022-01-17 06:00:00,143.05,143.69,142.81,143.11,6565.2
2022-01-17 07:00:00,143.09,143.93,142.98,143.29,8109.82
2022-01-17 08:00:00,143.31,143.77,142.95,143.59,8963.32
2022-01-17 09:00:00,143.59,144.14,143.07,143.79,7982.07
2022-01-17 10:00:00,143.75,144.14,142.41,143.39,12217.21
2022-01-17 11:00:00,143.36,143.8,142.38,142.55,6935.32
2022-01-17 12:00:00,142.5,143.05,141.11,142.14,14035.78
2022-01-17 13:00:00,142.15,143.0,142.03,142.43,6170.1
2022-01-17 14:00:00,142.44,143.85,142.27,143.45,11957.68
2022-01-17 15:00:00,143.53,143.53,141.71,142.23,13049.9
2022-01-17 16:00:00,142.19,142.53,140.2,140.91,22348.0
2022-01-17 17:00:00,140.9,141.0,139.22,139.91,19347.96
2022-01-17 18:00:00,139.95,140.01,138.75,139.49,16572.77
2022-01-17 19:00:00,139.5,140.14,139.21,139.92,11099.68
2022-01-17 20:00:00,139.93,140.22,139.15,139.15,8560.01
2022-01-17 21:00:00,139.15,139.58,136.93,138.2,17088.1
2022-01-17 22:00:00,138.25,139.99,137.44,139.2,14016.86
2022-01-17 23:00:00,139.2,140.33,139.2,139.79,6544.55
2022-01-18 00:00:00,139.83,141.62,139.64,141.32,13684.06
2022-01-18 01:00:00,141.36,141.86,140.18,140.91,14062.52
2022-01-18 02:00:00,140.92,140.98,139.69,140.16,9252.72
2022-01-18 03:00:00,140.2,140.57,139.02,139.28,10459.23
2022-01-18 04:00:00,139.2,139.5,138.16,138.76,5964.88
2022-01-18 05:00:00,138.74,139.34,138.33,139.12,5453.76
2022-01-18 06:00:00,139.13,140.93,139.1,140.63,6758.63
2022-01-18 07:00:00,140.67,140.89,139.54,140.26,7895.93
2022-01-18 08:00:00,140.26,140.39,137.79,137.94,14271.67
2022-01-18 09:00:00,137.94,138.26,136.0,137.41,19169.96
2022-01-18 10:00:00,137.36,138.2,136.98,137.37,8484.35
2022-01-18 11:00:00,137.38,137.8,136.94,137.67,6597.52
2022-01-18 12:00:00,137.65,138.25,136.46,137.44,9472.93
2022-01-18 13:00:00,137.47,137.78,135.29,136.41,17552.67
2022-01-18 14:00:00,136.42,136.71,134.43,136.19,31410.22
2022-01-18 15:00:00,136.18,137.77,135.66,136.65,16753.8
2022-01-18 16:00:00,136.69,137.89,136.0,137.34,19879.88
2022-01-18 17:00:00,137.34,137.69,136.3,136.37,9255.32
2022-01-18 18:00:00,136.37,136.77,135.64,136.02,8969.64
2022-01-18 19:00:00,136.0,137.52,135.87,137.04,8745.93
2022-01-18 20:00:00,137.07,137.68,136.41,137.61,10870.4
2022-01-18 21:00:00,137.64,140.86,137.35,140.59,26697.21
2022-01-18 22:00:00,140.61,141.46,139.91,140.92,12029.12
2022-01-18 23:00:00,140.92,142.76,140.1,141.33,13797.62
2022-01-19 00:00:00,141.37,141.91,140.2,140.28,18151.99
2022-01-19 01:00:00,140.32,142.71,140.25,141.97,10413.08
2022-01-19 02:00:00,141.99,142.28,140.15,140.42,9152.61
2022-01-19 03:00:00,140.44,140.84,137.0,138.02,25085.87
2022-01-19 04:00:00,138.03,139.05,137.64,138.66,9376.61
2022-01-19 05:00:00,138.65,139.19,138.01,138.33,6347.61
2022-01-19 06:00:00,138.31,138.76,137.61,137.61,7328.7
2022-01-19 07:00:00,137.61,137.69,133.95,134.5,25013.56
2022-01-19 08:00:00,134.5,134.89,132.84,133.51,22524.29
2022-01-19 09:00:00,133.57,134.85,133.29,134.57,16258.14
2022-01-19 10:00:00,134.58,135.01,133.81,134.47,11309.56
2022-01-19 11:00:00,134.52,136.39,134.47,136.21,16380.5
2022-01-19 12:00:00,136.19,137.18,135.54,136.14,11398.56
2022-01-19 13:00:00,136.17,137.45,136.17,136.85,11376.59
2022-01-19 14:00:00,136.86,138.62,136.38,138.58,12710.64
2022-01-19 15:00:00,138.6,138.65,135.96,136.98,17602.25
2022-01-19 16:00:00,136.93,137.33,135.38,136.35,11738.27
2022-01-19 17:00:00,136.35,138.06,136.23,137.41,17879.08
2022-01-19 18:00:00,137.38,137.76,136.26,136.93,15954.82
2022-01-19 19:00:00,136.91,137.18,136.23,136.79,5599.06
2022-01-19 20:00:00,136.78,137.04,135.04,135.48,10270.69
2022-01-19 21:00:00,135.54,136.45,135.54,135.83,10174.3
2022-01-19 22:00:00,135.81,137.49,135.05,137.07,10050.41
2022-01-19 23:00:00,137.11,137.19,135.09,135.29,11813.25
2022-01-20 00:00:00,135.25,136.45,135.14,136.25,8449.91
2022-01-20 01:00:00,136.27,136.53,134.51,135.2,6879.37
2022-01-20 02:00:00,135.18,136.63,135.18,136.29,3751.79
2022-01-20 03:00:00,136.24,137.23,136.0,137.02,5728.31
2022-01-20 04:00:00,137.08,137.32,136.55,136.82,3527.89
2022-01-20 05:00:00,136.8,137.16,136.25,137.08,4927.2
2022-01-20 06:00:00,137.01,137.87,137.0,137.56,5049.56
2022-01-20 07:00:00,137.59,137.69,137.13,137.41,3408.21
2022-01-20 08:00:00,137.43,137.6,136.83,137.12,3443.73
2022-01-20 09:00:00,137.11,137.2,135.61,136.76,10318.44
2022-01-20 10:00:00,136.77,137.33,136.65,136.94,5388.49
2022-01-20 11:00:00,136.95,138.21,136.95,137.94,9449.89
2022-01-20 12:00:00,137.92,137.94,136.97,137.27,9377.76
2022-01-20 13:00:00,137.26,140.12,137.14,139.16,18253.25
2022-01-20 14:00:00,139.22,141.96,139.18,141.62,22053.66
2022-01-20 15:00:00,141.66,143.56,141.38,143.2,30787.66
2022-01-20 16:00:00,143.17,143.87,141.99,142.71,14399.27
2022-01-20 17:00:00,142.74,142.84,140.1,140.21,19182.62
2022-01-20 18:00:00,140.21,140.91,139.74,140.14,18516.48
2022-01-20 19:00:00,140.14,141.6,139.81,139.96,15765.75
2022-01-20 20:00:00,139.95,140.24,137.93,138.32,10808.15
2022-01-20 21:00:00,138.24,138.4,132.0,132.21,34620.81
2022-01-20 22:00:00,132.25,133.71,129.74,131.95,40454.55
2022-01-20 23:00:00,132.08,132.08,126.07,127.59,36299.14
2022-01-21 00:00:00,127.57,128.75,126.57,126.85,41326.81
2022-01-21 01:00:00,126.83,127.02,121.25,121.51,62647.26
2022-01-21 02:00:00,121.48,127.96,121.1,126.89,83025.57
2022-01-21 03:00:00,126.81,127.71,123.04,124.22,68754.41
2022-01-21 04:00:00,124.22,126.78,124.18,125.6,20948.68
2022-01-21 05:00:00,125.63,126.82,124.83,125.89,21966.59
2022-01-21 06:00:00,125.93,126.28,124.15,124.29,16907.08
2022-01-21 07:00:00,124.3,126.73,123.85,126.61,19898.66
2022-01-21 08:00:00,126.57,126.89,125.0,125.67,16121.49
2022-01-21 09:00:00,125.7,125.75,123.23,123.37,22962.46
2022-01-21 10:00:00,123.38,124.12,122.42,123.72,15595.77
2022-01-21 11:00:00,123.68,124.0,121.31,122.23,20231.62
2022-01-21 12:00:00,122.2,122.49,115.55,118.08,84622.17
2022-01-21 13:00:00,118.09,119.27,117.06,119.05,41531.1
2022-01-21 14:00:00,119.07,120.9,117.79,118.9,45196.11
2022-01-21 15:00:00,118.85,122.76,117.17,121.88,44110.53
2022-01-21 16:00:00,121.91,125.15,121.11,124.18,67391.1
2022-01-21 17:00:00,124.22,126.88,122.05,123.45,80454.29
2022-01-21 18:00:00,123.45,125.46,121.89,123.66,45644.97
2022-01-21 19:00:00,123.69,124.87,120.14,120.18,30334.87
2022-01-21 20:00:00,120.34,121.98,117.25,119.96,75228.25
2022-01-21 21:00:00,120.04,122.04,109.44,113.07,121666.15
2022-01-21 22:00:00,113.08,114.84,106.16,110.27,83155.9
2022-01-21 23:00:00,110.28,113.79,107.78,112.3,80727.76
2022-01-22 00:00:00,112.34,114.28,109.78,111.46,50624.48
2022-01-22 01:00:00,111.48,113.26,110.12,112.87,42210.45
2022-01-22 02:00:00,112.88,112.97,111.05,111.54,29974.82
2022-01-22 03:00:00,111.62,113.15,108.37,109.69,39726.03
2022-01-22 04:00:00,109.7,110.46,108.64,110.0,18676.64
2022-01-22 05:00:00,109.88,110.12,103.63,104.34,62872.52
2022-01-22 06:00:00,104.34,105.07,99.34,102.42,92651.05
2022-01-22 07:00:00,102.43,104.0,98.35,100.42,81611.66
2022-01-22 08:00:00,100.42,103.81,100.42,100.96,53009.81
2022-01-22 09:00:00,100.98,103.26,96.4,97.09,114133.13
2022-01-22 10:00:00,97.18,99.46,87.64,99.24,248172.45
2022-01-22 11:00:00,99.18,99.99,95.83,98.71,80667.19
2022-01-22 12:00:00,98.72,102.54,98.02,102.17,79610.08
2022-01-22 13:00:00,102.16,103.3,99.66,99.76,56441.27
2022-01-22 14:00:00,99.78,100.06,95.88,96.1,66187.42
2022-01-22 15:00:00,96.09,96.98,92.95,93.08,67103.93
2022-01-22 16:00:00,93.07,98.52,91.5,95.34,117962.73
2022-01-22 17:00:00,95.32,96.39,92.05,92.32,79553.46
2022-01-22 18:00:00,92.21,93.59,89.7,89.97,91999.41
2022-01-22 19:00:00,90.04,92.36,88.5,90.59,71082.75
2022-01-22 20:00:00,90.65,96.48,89.75,95.61,80925.64
2022-01-22 21:00:00,95.63,97.33,94.85,95.91,56739.41
2022-01-22 22:00:00,95.93,96.68,92.61,93.29,23702.55
2022-01-22 23:00:00,93.19,94.94,92.94,94.53,30004.85
2022-01-23 00:00:00,94.61,98.61,93.52,98.34,74279.33
2022-01-23 01:00:00,98.34,99.23,97.19,97.77,35875.96
2022-01-23 02:00:00,97.81,98.06,93.3,93.6,35203.38
2022-01-23 03:00:00,93.63,95.06,93.26,94.41,33692.29
2022-01-23 04:00:00,94.39,96.52,93.95,95.37,29990.56
2022-01-23 05:00:00,95.39,97.7,93.52,97.35,41519.4
2022-01-23 06:00:00,97.33,97.77,96.49,97.15,39123.46
2022-01-23 07:00:00,97.1,101.63,96.72,101.2,72410.31
2022-01-23 08:00:00,101.2,101.6,99.78,101.6,67937.94
2022-01-23 09:00:00,101.6,104.7,101.15,104.38,63096.67
2022-01-23 10:00:00,104.43,104.44,102.17,103.24,33301.92
2022-01-23 11:00:00,103.25,103.48,101.21,101.86,26736.8
2022-01-23 12:00:00,101.85,102.46,100.06,101.16,37473.41
2022-01-23 13:00:00,101.17,102.92,100.46,102.7,28849.5
2022-01-23 14:00:00,102.75,103.2,96.14,98.18,91860.42
2022-01-23 15:00:00,98.13,99.18,97.15,98.88,44954.68
2022-01-23 16:00:00,98.89,99.74,96.94,97.75,45862.2
2022-01-23 17:00:00,97.78,99.05,97.61,98.54,16437.39
2022-01-23 18:00:00,98.51,99.1,95.22,95.76,42594.86
2022-01-23 19:00:00,95.72,96.56,93.95,94.79,40284.56
2022-01-23 20:00:00,94.76,96.75,94.21,96.09,31349.26
2022-01-23 21:00:00,96.05,96.7,94.9,95.52,29727.91
2022-01-23 22:00:00,95.57,96.43,94.67,96.08,15314.79
2022-01-23 23:00:00,96.18,101.89,95.85,99.74,79647.62
2022-01-24 00:00:00,99.83,99.89,91.88,92.9,148066.75
2022-01-24 01:00:00,92.84,94.39,92.24,92.97,37823.43
2022-01-24 02:00:00,92.97,93.07,91.41,91.84,26376.13
2022-01-24 03:00:00,91.83,92.44,91.35,92.14,31256.75
2022-01-24 04:00:00,92.12,92.86,89.6,90.15,36917.85
2022-01-24 05:00:00,90.15,90.15,88.6,88.65,41339.49
2022-01-24 06:00:00,88.64,90.26,87.73,88.88,38942.32
2022-01-24 07:00:00,88.88,88.88,86.06,86.74,50680.13
2022-01-24 08:00:00,86.83,89.47,86.33,87.41,52603.48
2022-01-24 09:00:00,87.33,88.0,84.32,84.84,80405.67
2022-01-24 10:00:00,84.86,85.25,81.58,82.02,116893.63
2022-01-24 11:00:00,82.06,87.14,81.79,83.95,96474.69
2022-01-24 12:00:00,84.07,84.53,80.85,81.89,89330.45
2022-01-24 13:00:00,81.92,84.61,81.15,81.84,93876.22
2022-01-24 14:00:00,81.85,88.03,80.9,84.5,121887.64
2022-01-24 15:00:00,84.55,88.01,82.46,87.42,99414.12
2022-01-24 16:00:00,87.45,87.91,83.48,85.73,65340.42
2022-01-24 17:00:00,85.7,90.08,84.0,88.95,80074.02
2022-01-24 18:00:00,88.98,91.57,88.0,90.16,97530.83
2022-01-24 19:00:00,90.13,90.7,87.7,89.7,41503.82
2022-01-24 20:00:00,89.68,96.29,89.55,95.14,127660.33
2022-01-24 21:00:00,95.03,95.09,92.51,93.27,50134.71
2022-01-24 22:00:00,93.25,93.34,91.44,92.14,23049.42
2022-01-24 23:00:00,92.18,92.86,90.91,91.99,18991.16
2022-01-25 00:00:00,91.94,92.03,89.07,89.23,40639.97
2022-01-25 01:00:00,89.29,90.13,87.92,88.2,21114.09
2022-01-25 02:00:00,88.28,90.54,87.99,90.26,18757.06
2022-01-25 03:00:00,90.31,90.7,89.28,90.13,16429.86
2022-01-25 04:00:00,90.1,90.36,87.47,87.61,21575.02
2022-01-25 05:00:00,87.55,89.32,87.51,89.23,13152.26
2022-01-25 06:00:00,89.15,90.75,88.49,88.52,35240.24
2022-01-25 07:00:00,88.55,90.07,88.06,89.99,28568.3
2022-01-25 08:00:00,89.98,92.79,89.93,90.86,42392.95
2022-01-25 09:00:00,90.86,92.83,90.44,92.5,32292.34
2022-01-25 10:00:00,92.5,94.55,91.95,92.83,49304.98
2022-01-25 11:00:00,92.82,93.4,91.41,91.64,29624.21
2022-01-25 12:00:00,91.63,92.98,90.86,92.26,22752.64
2022-01-25 13:00:00,92.27,92.45,90.42,91.49,27821.05
2022-01-25 14:00:00,91.45,94.86,90.91,91.89,52478.45
2022-01-25 15:00:00,91.88,93.71,90.54,92.9,45642.23
2022-01-25 16:00:00,92.91,94.47,92.73,93.84,31673.81
2022-01-25 17:00:00,93.85,97.98,93.41,96.59,86671.53
2022-01-25 18:00:00,96.59,100.0,96.16,99.77,50509.61
2022-01-25 19:00:00,99.77,99.9,95.84,96.19,65304.72
2022-01-25 20:00:00,96.19,96.31,94.02,94.19,52707.51
2022-01-25 21:00:00,94.28,94.5,92.0,92.86,45976.47
2022-01-25 22:00:00,92.87,93.76,92.61,93.57,17777.74
2022-01-25 23:00:00,93.57,95.84,93.23,94.62,29179.71
2022-01-26 00:00:00,94.69,94.88,92.4,92.89,31017.61
2022-01-26 01:00:00,92.92,93.5,91.33,92.86,35601.73
2022-01-26 02:00:00,92.85,94.03,92.66,92.72,15141.07
2022-01-26 03:00:00,92.71,95.42,92.69,94.72,24118.25
2022-01-26 04:00:00,94.74,97.02,94.26,96.33,23317.12
2022-01-26 05:00:00,96.29,96.54,95.3,95.56,36099.7
2022-01-26 06:00:00,95.58,95.79,93.82,94.11,25052.54
2022-01-26 07:00:00,94.18,94.97,93.66,94.42,18680.46
2022-01-26 08:00:00,94.47,96.4,94.41,96.13,20675.4
2022-01-26 09:00:00,96.1,97.67,95.36,95.91,31941.69
2022-01-26 10:00:00,95.91,97.59,95.42,97.12,26561.22
2022-01-26 11:00:00,97.12,98.29,96.48,98.13,35277.53
2022-01-26 12:00:00,98.12,98.13,96.31,96.36,28336.63
2022-01-26 13:00:00,96.33,100.6,95.79,99.77,65369.48
2022-01-26 14:00:00,99.75,102.07,99.44,100.62,76458.87
2022-01-26 15:00:00,100.56,101.09,97.61,98.89,51010.73
2022-01-26 16:00:00,98.78,99.87,98.52,99.65,37951.25
2022-01-26 17:00:00,99.75,100.36,97.85,98.44,30152.56
2022-01-26 18:00:00,98.45,99.13,96.31,98.01,67911.62
2022-01-26 19:00:00,98.01,104.5,97.71,98.24,192455.04
2022-01-26 20:00:00,98.26,98.26,91.8,94.04,120618.25
2022-01-26 21:00:00,94.08,94.91,89.92,90.06,55519.1
2022-01-26 22:00:00,90.08,92.03,89.3,91.8,62526.58
2022-01-26 23:00:00,91.79,92.85,91.65,92.18,36087.47
2022-01-27 00:00:00,92.17,93.7,91.5,92.99,39721.64
2022-01-27 01:00:00,92.96,92.98,88.22,88.39,58716.45
2022-01-27 02:00:00,88.39,88.39,85.7,88.06,65098.17
2022-01-27 03:00:00,88.0,88.88,85.75,86.82,41305.25
2022-01-27 04:00:00,86.74,88.37,86.37,87.8,35753.25
2022-01-27 05:00:00,87.84,89.39,87.43,88.44,30201.69
2022-01-27 06:00:00,88.45,89.05,87.29,88.97,24333.39
2022-01-27 07:00:00,89.0,89.94,88.18,88.81,22009.39
2022-01-27 08:00:00,88.88,90.18,88.27,90.12,19462.28
2022-01-27 09:00:00,90.09,91.32,89.53,90.49,25791.96
2022-01-27 10:00:00,90.48,91.15,89.71,89.92,21344.55
2022-01-27 11:00:00,89.93,91.4,89.93,91.21,33814.48
2022-01-27 12:00:00,91.26,92.03,90.78,91.62,30950.54
2022-01-27 13:00:00,91.65,93.28,91.33,93.02,54925.01
2022-01-27 14:00:00,93.02,94.66,92.41,93.64,56950.52
2022-01-27 15:00:00,93.61,94.23,91.95,92.32,60769.92
2022-01-27 16:00:00,92.35,93.5,91.06,92.52,42799.77
2022-01-27 17:00:00,92.54,92.86,89.42,90.4,45469.28
2022-01-27 18:00:00,90.35,91.32,89.46,90.99,36836.9
2022-01-27 19:00:00,90.94,91.77,89.14,89.91,37972.68
2022-01-27 20:00:00,90.0,90.68,87.11,87.16,40344.84
2022-01-27 21:00:00,87.24,88.12,85.73,87.02,59270.19
2022-01-27 22:00:00,87.01,89.71,85.84,88.37,45779.51
2022-01-27 23:00:00,88.37,90.0,88.37,89.53,37783.33
2022-01-28 00:00:00,89.54,91.4,88.89,91.24,36120.49
2022-01-28 01:00:00,91.24,92.78,89.01,90.06,43508.48
2022-01-28 02:00:00,90.05,91.51,88.71,91.39,25971.72
2022-01-28 03:00:00,91.36,92.95,91.13,92.47,27903.19
2022-01-28 04:00:00,92.52,93.08,91.26,92.2,20435.29
2022-01-28 05:00:00,92.18,93.42,91.75,92.98,17099.78
2022-01-28 06:00:00,92.98,93.56,90.68,90.72,27412.97
2022-01-28 07:00:00,90.69,91.76,89.57,89.67,23232.41
2022-01-28 08:00:00,89.7,90.26,89.0,90.15,25713.16
2022-01-28 09:00:00,90.14,90.99,89.13,89.61,22056.54
2022-01-28 10:00:00,89.61,89.99,88.32,89.09,23693.83
2022-01-28 11:00:00,88.98,89.27,87.62,88.65,22980.5
2022-01-28 12:00:00,88.67,89.29,87.17,87.74,29766.39
2022-01-28 13:00:00,87.74,90.08,87.2,89.79,43105.93
2022-01-28 14:00:00,89.8,90.53,88.15,88.82,35547.17
2022-01-28 15:00:00,88.85,91.45,88.52,91.19,39658.36
2022-01-28 16:00:00,91.2,92.7,90.64,91.38,47043.85
2022-01-28 17:00:00,91.38,91.92,90.06,90.6,29974.66
2022-01-28 18:00:00,90.54,93.14,90.53,92.05,41288.1
2022-01-28 19:00:00,92.04,92.44,90.23,91.62,27738.63
2022-01-28 20:00:00,91.7,93.0,90.78,92.25,50743.45
2022-01-28 21:00:00,92.29,93.5,91.78,92.16,54911.85
2022-01-28 22:00:00,92.18,92.44,90.27,90.4,20035.13
2022-01-28 23:00:00,90.39,91.8,90.39,91.35,16723.07
2022-01-29 00:00:00,91.4,93.8,90.93,92.86,38582.07
2022-01-29 01:00:00,92.83,93.16,90.55,91.28,21207.81
2022-01-29 02:00:00,91.33,91.76,90.74,91.43,13089.17
2022-01-29 03:00:00,91.44,92.43,91.12,92.12,8927.7
2022-01-29 04:00:00,92.17,94.41,92.04,94.16,33618.59
2022-01-29 05:00:00,94.19,95.34,93.35,95.29,30505.07
2022-01-29 06:00:00,95.32,96.0,94.76,95.39,27465.55
2022-01-29 07:00:00,95.4,97.26,95.4,97.22,22004.36
2022-01-29 08:00:00,97.23,97.59,96.2,96.44,23157.06
2022-01-29 09:00:00,96.44,97.71,95.29,97.48,26704.92
2022-01-29 10:00:00,97.46,97.54,96.54,96.94,17411.57
2022-01-29 11:00:00,96.92,96.92,95.93,96.34,15070.79
2022-01-29 12:00:00,96.32,96.95,95.91,96.68,16255.7
2022-01-29 13:00:00,96.66,98.93,96.0,98.18,39612.02
2022-01-29 14:00:00,98.2,98.34,94.76,95.31,33654.0
2022-01-29 15:00:00,95.21,96.08,93.87,95.12,39145.08
2022-01-29 16:00:00,95.03,95.29,93.46,94.94,27133.72
2022-01-29 17:00:00,94.92,95.42,93.73,94.07,19269.72
2022-01-29 18:00:00,94.14,95.27,94.01,94.84,18153.43
2022-01-29 19:00:00,94.83,95.85,94.76,95.25,20408.46
2022-01-29 20:00:00,95.29,96.89,95.01,95.76,32140.74
2022-01-29 21:00:00,95.78,96.89,95.51,96.17,21624.59
2022-01-29 22:00:00,96.15,96.3,95.37,95.43,9660.52
2022-01-29 23:00:00,95.44,96.48,94.61,96.22,27000.31
2022-01-30 00:00:00,96.2,96.37,93.58,93.6,39589.15
2022-01-30 01:00:00,93.62,94.78,93.59,94.7,17179.3
2022-01-30 02:00:00,94.69,94.86,93.79,94.73,10918.34
2022-01-30 03:00:00,94.7,95.09,94.29,94.46,10451.34
2022-01-30 04:00:00,94.46,95.87,94.4,95.32,16309.49
2022-01-30 05:00:00,95.33,96.2,95.26,95.95,19915.29
2022-01-30 06:00:00,95.88,96.73,95.77,96.55,12373.88
2022-01-30 07:00:00,96.54,97.6,96.38,96.74,23102.79
2022-01-30 08:00:00,96.77,97.13,95.65,95.75,10792.4
2022-01-30 09:00:00,95.74,96.13,95.1,95.45,11312.04
2022-01-30 10:00:00,95.47,96.5,95.27,96.5,13052.48
2022-01-30 11:00:00,96.47,96.77,95.65,96.34,10360.0
2022-01-30 12:00:00,96.37,96.57,95.11,95.38,10724.02
2022-01-30 13:00:00,95.38,95.57,94.61,95.05,10666.63
2022-01-30 14:00:00,95.07,95.3,93.86,94.72,17656.38
2022-01-30 15:00:00,94.74,95.43,94.33,95.19,10505.5
2022-01-30 16:00:00,95.19,95.92,94.48,94.64,13102.83
2022-01-30 17:00:00,94.64,95.37,94.16,95.1,9368.18
2022-01-30 18:00:00,95.1,95.18,94.2,94.41,8774.34
2022-01-30 19:00:00,94.41,94.44,91.76,92.06,28565.44
2022-01-30 20:00:00,92.05,93.0,91.42,92.72,14761.28
2022-01-30 21:00:00,92.68,92.84,91.69,92.55,12779.3
2022-01-30 22:00:00,92.47,93.0,92.12,92.97,8273.23
2022-01-30 23:00:00,92.91,94.27,92.91,93.37,21773.75
2022-01-31 00:00:00,93.31,93.65,90.56,90.77,34156.6
2022-01-31 01:00:00,90.78,91.3,90.24,90.26,22367.12
2022-01-31 02:00:00,90.25,91.3,89.3,90.85,26417.38
2022-01-31 03:00:00,90.81,91.15,90.43,90.83,13277.3
2022-01-31 04:00:00,90.74,90.76,89.23,89.92,18447.27
2022-01-31 05:00:00,89.86,90.44,89.49,90.28,9195.15
2022-01-31 06:00:00,90.27,90.54,89.85,89.91,16365.6
2022-01-31 07:00:00,89.95,90.49,89.76,90.31,21594.91
2022-01-31 08:00:00,90.33,90.71,90.1,90.33,13263.31
2022-01-31 09:00:00,90.34,90.91,90.02,90.82,10977.59
2022-01-31 10:00:00,90.91,91.67,90.4,91.53,11236.77
2022-01-31 11:00:00,91.51,91.77,90.28,91.42,13021.95
2022-01-31 12:00:00,91.44,91.89,90.44,91.11,23671.83
2022-01-31 13:00:00,91.11,92.19,90.4,91.96,23799.55
2022-01-31 14:00:00,91.96,92.66,91.23,92.56,27198.47
2022-01-31 15:00:00,92.55,96.05,92.52,95.46,78526.54
2022-01-31 16:00:00,95.46,98.77,95.0,97.9,71758.12
2022-01-31 17:00:00,97.93,98.45,97.05,97.69,38177.55
2022-01-31 18:00:00,97.68,98.04,97.02,97.74,21942.95
2022-01-31 19:00:00,97.76,98.63,97.31,98.38,35251.89
2022-01-31 20:00:00,98.41,99.41,97.46,98.25,40221.04
2022-01-31 21:00:00,98.25,99.98,98.06,99.35,41550.46
2022-01-31 22:00:00,99.35,101.43,98.92,99.98,40327.68
2022-01-31 23:00:00,99.92,100.28,98.99,99.54,25556.32
2022-02-01 00:00:00,99.55,101.28,99.07,100.46,29642.09
2022-02-01 01:00:00,100.51,102.85,100.39,102.05,36154.96
2022-02-01 02:00:00,102.07,102.65,101.72,102.41,17734.41
2022-02-01 03:00:00,102.44,108.02,102.35,106.97,82567.02
2022-02-01 04:00:00,106.95,107.57,105.39,106.16,47746.99
2022-02-01 05:00:00,106.15,106.3,105.08,105.18,18977.6
2022-02-01 06:00:00,105.07,105.87,104.55,105.06,38366.98
2022-02-01 07:00:00,105.0,105.93,105.0,105.48,19079.42
2022-02-01 08:00:00,105.47,107.6,105.22,107.5,41267.71
2022-02-01 09:00:00,107.46,109.12,103.83,104.61,67364.28
2022-02-01 10:00:00,104.59,106.37,104.04,106.12,31054.35
2022-02-01 11:00:00,106.15,107.86,105.67,106.4,35136.14
2022-02-01 12:00:00,106.41,107.54,106.04,107.15,27518.55
2022-02-01 13:00:00,107.13,108.7,106.18,108.08,34912.83
2022-02-01 14:00:00,108.09,110.98,107.27,108.02,80219.14
2022-02-01 15:00:00,108.15,109.09,105.97,108.77,52099.1
2022-02-01 16:00:00,108.79,113.67,108.77,113.05,82646.42
2022-02-01 17:00:00,113.08,113.56,110.45,111.6,76248.62
2022-02-01 18:00:00,111.62,112.7,110.91,111.51,43054.25
2022-02-01 19:00:00,111.56,111.98,107.89,107.95,70829.9
2022-02-01 20:00:00,107.93,111.54,107.82,110.02,60454.15
2022-02-01 21:00:00,109.99,112.28,109.97,111.82,53068.82
2022-02-01 22:00:00,111.74,111.91,109.16,109.97,21796.06
2022-02-01 23:00:00,109.9,111.01,108.94,110.06,21435.94
2022-02-02 00:00:00,110.08,111.43,108.19,109.95,44976.3
2022-02-02 01:00:00,109.93,110.5,108.26,108.74,34145.67
2022-02-02 02:00:00,108.7,110.0,108.41,109.69,20377.83
2022-02-02 03:00:00,109.68,112.39,109.63,110.68,43852.53
2022-02-02 04:00:00,110.68,110.78,109.16,109.23,40414.25
2022-02-02 05:00:00,109.22,109.77,108.81,109.75,15655.29
2022-02-02 06:00:00,109.72,110.55,108.36,108.93,28095.15
2022-02-02 07:00:00,108.92,109.62,107.58,108.55,30682.66
2022-02-02 08:00:00,108.57,109.9,108.33,109.39,18631.49
2022-02-02 09:00:00,109.39,110.6,109.02,110.6,18635.1
2022-02-02 10:00:00,110.6,110.63,109.78,109.96,15399.03
2022-02-02 11:00:00,110.04,110.52,109.61,110.04,20043.22
2022-02-02 12:00:00,110.05,111.99,110.03,111.71,37712.99
2022-02-02 13:00:00,111.74,112.45,109.1,109.25,46405.62
2022-02-02 14:00:00,109.24,109.74,105.28,105.93,88256.74
2022-02-02 15:00:00,105.93,107.02,105.54,106.01,69644.94
2022-02-02 16:00:00,105.96,105.99,103.49,105.52,102462.56
2022-02-02 17:00:00,105.51,106.52,104.9,106.0,35630.0
2022-02-02 18:00:00,106.0,109.95,105.49,109.75,47483.18
2022-02-02 19:00:00,109.75,111.9,109.55,110.06,99411.54
2022-02-02 20:00:00,110.07,110.19,103.46,104.25,135470.79
2022-02-02 21:00:00,104.27,104.96,99.0,100.46,169325.69
2022-02-02 22:00:00,100.34,103.87,97.01,101.27,156045.84
2022-02-02 23:00:00,101.28,102.99,100.69,101.86,60029.32
2022-02-03 00:00:00,101.93,103.14,101.15,101.23,47743.04
2022-02-03 01:00:00,101.24,102.57,98.45,99.26,46351.55
2022-02-03 02:00:00,99.27,100.21,98.29,99.97,41063.13
2022-02-03 03:00:00,99.98,100.04,96.76,97.45,54218.5
2022-02-03 04:00:00,97.38,98.69,97.21,98.15,29156.95
2022-02-03 05:00:00,98.14,99.35,97.55,98.9,25807.63
2022-02-03 06:00:00,98.89,98.89,97.59,98.21,20042.69
2022-02-03 07:00:00,98.19,99.57,98.18,99.4,25776.13
2022-02-03 08:00:00,99.44,100.04,98.0,98.91,36195.61
2022-02-03 09:00:00,98.92,99.0,94.85,95.07,55328.22
2022-02-03 10:00:00,95.06,95.61,94.01,94.59,72742.95
2022-02-03 11:00:00,94.59,97.87,94.16,97.43,82768.58
2022-02-03 12:00:00,97.46,97.47,94.2,96.83,66752.19
2022-02-03 13:00:00,96.84,97.4,95.46,96.27,37533.46
2022-02-03 14:00:00,96.29,98.22,95.84,96.78,61625.62
2022-02-03 15:00:00,96.8,99.03,96.63,98.34,57138.34
2022-02-03 16:00:00,98.28,99.26,97.1,97.15,41355.49
2022-02-03 17:00:00,97.1,98.14,96.12,97.99,33974.35
2022-02-03 18:00:00,97.91,98.03,96.86,97.59,21259.71
2022-02-03 19:00:00,97.56,97.8,95.92,96.84,21693.98
2022-02-03 20:00:00,96.83,97.44,95.83,96.75,29528.06
2022-02-03 21:00:00,96.75,101.23,96.75,100.71,84716.39
2022-02-03 22:00:00,100.71,101.2,99.72,100.64,26749.39
2022-02-03 23:00:00,100.66,102.25,100.03,101.9,30253.44
2022-02-04 00:00:00,101.87,101.91,100.34,101.38,28825.83
2022-02-04 01:00:00,101.36,101.47,100.5,100.98,15789.83
2022-02-04 02:00:00,101.05,103.34,100.77,102.64,34713.47
2022-02-04 03:00:00,102.64,103.85,102.29,102.43,28150.76
2022-02-04 04:00:00,102.48,102.91,101.71,102.61,22547.2
2022-02-04 05:00:00,102.57,105.73,102.41,104.97,57324.12
2022-02-04 06:00:00,104.99,106.55,104.94,106.19,44729.87
2022-02-04 07:00:00,106.25,106.95,104.65,104.98,40341.04
2022-02-04 08:00:00,104.96,106.13,104.96,106.08,32145.15
2022-02-04 09:00:00,106.11,106.59,105.65,106.23,26058.51
2022-02-04 10:00:00,106.21,106.98,104.52,105.57,34684.77
2022-02-04 11:00:00,105.53,105.94,104.68,104.82,26201.19
2022-02-04 12:00:00,104.85,105.42,103.81,104.21,26440.98
2022-02-04 13:00:00,104.23,104.95,101.68,102.62,56413.74
2022-02-04 14:00:00,102.68,104.98,102.08,103.81,60356.07
2022-02-04 15:00:00,103.84,109.83,103.63,107.24,191250.22
2022-02-04 16:00:00,107.18,111.39,106.95,109.78,158752.76
2022-02-04 17:00:00,109.81,110.34,108.83,109.63,56008.49
2022-02-04 18:00:00,109.67,110.14,108.08,109.38,37651.16
2022-02-04 19:00:00,109.46,110.87,108.6,110.71,42574.27
2022-02-04 20:00:00,110.68,111.08,109.94,110.57,38299.23
2022-02-04 21:00:00,110.53,110.99,109.49,110.98,23464.77
2022-02-04 22:00:00,110.96,110.98,109.39,110.07,18030.86
2022-02-04 23:00:00,110.04,112.87,109.96,112.64,44669.72
2022-02-05 00:00:00,112.64,113.05,110.88,111.41,53760.69
2022-02-05 01:00:00,111.4,111.58,110.29,110.83,22705.32
2022-02-05 02:00:00,110.83,111.79,110.63,111.38,19287.77
2022-02-05 03:00:00,111.4,114.28,111.4,114.06,41323.93
2022-02-05 04:00:00,114.06,115.98,113.62,115.91,49702.03
2022-02-05 05:00:00,115.92,117.93,115.19,116.5,34750.93
2022-02-05 06:00:00,116.52,118.68,116.47,116.91,41022.63
2022-02-05 07:00:00,116.88,117.19,115.34,115.65,30100.47
2022-02-05 08:00:00,115.65,117.0,115.45,116.02,29516.89
2022-02-05 09:00:00,116.04,116.36,114.68,115.67,24025.1
2022-02-05 10:00:00,115.64,115.96,114.5,115.33,24400.87
2022-02-05 11:00:00,115.32,115.75,114.66,115.01,17925.95
2022-02-05 12:00:00,115.04,115.4,113.99,114.4,19396.42
2022-02-05 13:00:00,114.42,115.29,114.34,115.28,17603.01
2022-02-05 14:00:00,115.23,116.47,114.51,115.23,21292.35
2022-02-05 15:00:00,115.2,117.25,114.37,116.1,67872.89
2022-02-05 16:00:00,116.1,116.48,112.36,112.72,60985.67
2022-02-05 17:00:00,112.79,114.88,110.79,114.18,63530.02
2022-02-05 18:00:00,114.18,114.5,112.43,113.46,25921.52
2022-02-05 19:00:00,113.43,113.96,112.0,113.53,25124.55
2022-02-05 20:00:00,113.54,114.43,112.88,114.24,19346.65
2022-02-05 21:00:00,114.24,114.52,113.59,114.04,13115.68
2022-02-05 22:00:00,114.06,115.09,114.02,114.81,11111.3
2022-02-05 23:00:00,114.81,115.84,113.36,113.79,21614.3
2022-02-06 00:00:00,113.8,115.33,113.65,114.25,19328.85
2022-02-06 01:00:00,114.26,115.82,114.26,115.43,19429.57
2022-02-06 02:00:00,115.44,115.49,114.33,114.64,8278.86
2022-02-06 03:00:00,114.59,115.34,114.48,114.48,8457.19
2022-02-06 04:00:00,114.49,114.97,112.24,113.86,26184.65
2022-02-06 05:00:00,113.84,114.06,113.1,113.4,17247.98
2022-02-06 06:00:00,113.4,113.44,112.32,112.73,12225.4
2022-02-06 07:00:00,112.82,114.49,112.48,114.37,16214.5
2022-02-06 08:00:00,114.36,114.83,113.65,114.64,13605.02
2022-02-06 09:00:00,114.58,115.85,114.31,115.64,16027.79
2022-02-06 10:00:00,115.64,116.11,114.6,114.66,24771.94
2022-02-06 11:00:00,114.7,115.17,114.01,114.46,11326.37
2022-02-06 12:00:00,114.52,115.1,113.81,114.5,10141.79
2022-02-06 13:00:00,114.5,115.0,113.93,114.44,14460.15
2022-02-06 14:00:00,114.43,115.99,112.35,112.98,47844.83
2022-02-06 15:00:00,112.9,113.38,111.43,113.1,37531.34
2022-02-06 16:00:00,113.13,113.89,112.54,113.72,15436.44
2022-02-06 17:00:00,113.75,114.58,113.48,113.83,10901.44
2022-02-06 18:00:00,113.8,113.96,112.07,112.37,13919.94
2022-02-06 19:00:00,112.3,113.2,112.16,112.95,13184.45
2022-02-06 20:00:00,112.93,113.34,112.14,112.59,10257.15
2022-02-06 21:00:00,112.67,113.34,112.31,112.89,8493.41
2022-02-06 22:00:00,112.88,113.11,112.46,112.87,4437.67
2022-02-06 23:00:00,112.8,115.6,112.5,115.36,41989.73
2022-02-07 00:00:00,115.38,115.8,112.77,113.75,37904.14
2022-02-07 01:00:00,113.82,114.37,113.07,113.95,11483.0
2022-02-07 02:00:00,113.92,115.89,113.77,114.97,18258.26
2022-02-07 03:00:00,114.97,119.74,114.74,119.3,51709.45
2022-02-07 04:00:00,119.29,120.06,118.44,119.1,40143.01
2022-02-07 05:00:00,119.05,119.3,117.79,118.24,23196.52
2022-02-07 06:00:00,118.27,118.65,117.87,118.54,21627.18
2022-02-07 07:00:00,118.51,118.7,117.06,117.36,20123.6
2022-02-07 08:00:00,117.37,117.56,116.02,117.19,26939.96
2022-02-07 09:00:00,117.13,117.37,115.47,116.45,22723.46
2022-02-07 10:00:00,116.44,117.47,116.01,116.96,19565.54
2022-02-07 11:00:00,116.97,117.96,116.95,117.62,19662.85
2022-02-07 12:00:00,117.62,118.0,116.72,117.44,30468.86
2022-02-07 13:00:00,117.48,118.8,117.3,118.68,31759.36
2022-02-07 14:00:00,118.68,121.23,118.22,120.95,65486.63
2022-02-07 15:00:00,120.99,121.87,118.71,121.4,68060.54
2022-02-07 16:00:00,121.42,122.0,119.33,120.37,51707.93
2022-02-07 17:00:00,120.35,121.35,119.44,120.99,28246.44
2022-02-07 18:00:00,120.99,121.64,119.36,119.84,32065.97
2022-02-07 19:00:00,119.84,121.17,119.63,120.17,37682.21
2022-02-07 20:00:00,120.16,121.05,117.55,118.87,41291.32
2022-02-07 21:00:00,118.86,118.99,116.67,118.05,36419.8
2022-02-07 22:00:00,118.06,118.74,117.27,118.15,19173.69
2022-02-07 23:00:00,118.15,118.49,116.72,117.65,17169.65
2022-02-08 00:00:00,117.64,118.09,115.64,117.12,36719.82
2022-02-08 01:00:00,117.07,118.84,116.78,118.8,16722.84
2022-02-08 02:00:00,118.8,119.08,116.8,117.04,21863.22
2022-02-08 03:00:00,117.06,117.6,116.53,117.53,25666.37
2022-02-08 04:00:00,117.57,118.7,117.47,118.34,18568.3
2022-02-08 05:00:00,118.34,119.72,117.98,118.92,25561.47
2022-02-08 06:00:00,118.92,120.43,117.13,118.23,57493.14
2022-02-08 07:00:00,118.19,118.3,116.96,117.84,22121.81
2022-02-08 08:00:00,117.81,117.99,113.65,114.32,58159.49
2022-02-08 09:00:00,114.31,114.89,112.19,114.15,45240.82
2022-02-08 10:00:00,114.14,114.4,112.82,113.6,37560.84
2022-02-08 11:00:00,113.6,114.49,113.54,114.44,17385.88
2022-02-08 12:00:00,114.41,114.41,111.6,112.61,32410.81
2022-02-08 13:00:00,112.62,113.12,111.3,112.67,31384.29
2022-02-08 14:00:00,112.68,113.37,112.2,112.36,26636.06
2022-02-08 15:00:00,112.32,112.65,110.31,112.11,40104.33
2022-02-08 16:00:00,112.18,112.89,111.03,111.14,23492.31
2022-02-08 17:00:00,111.21,111.83,110.42,111.55,30154.2
2022-02-08 18:00:00,111.58,112.38,111.12,111.66,19231.83
2022-02-08 19:00:00,111.69,111.84,110.43,110.9,29020.55
2022-02-08 20:00:00,110.92,113.5,109.75,113.33,58481.27
2022-02-08 21:00:00,113.32,113.64,112.51,112.82,30144.97
2022-02-08 22:00:00,112.86,113.3,112.48,113.19,12098.89
2022-02-08 23:00:00,113.17,114.89,113.17,113.53,18970.13
2022-02-09 00:00:00,113.53,115.16,112.56,115.01,31091.51
2022-02-09 01:00:00,114.99,115.14,113.29,113.41,11796.73
2022-02-09 02:00:00,113.41,113.82,110.95,111.73,24678.35
2022-02-09 03:00:00,111.66,112.35,111.12,111.31,7576.69
2022-02-09 04:00:00,111.31,112.05,111.25,111.4,6633.59
2022-02-09 05:00:00,111.4,111.6,109.45,110.62,25418.72
2022-02-09 06:00:00,110.57,111.72,110.44,111.44,10702.94
2022-02-09 07:00:00,111.41,111.95,110.4,111.58,11029.3
2022-02-09 08:00:00,111.59,111.96,110.51,111.06,10539.76
2022-02-09 09:00:00,111.07,111.8,110.86,111.19,12781.71
2022-02-09 10:00:00,111.22,113.6,111.14,113.49,20925.25
2022-02-09 11:00:00,113.49,113.81,112.7,113.4,15233.35
2022-02-09 12:00:00,113.38,115.38,113.15,114.76,30041.12
2022-02-09 13:00:00,114.82,117.17,113.9,114.41,41280.23
2022-02-09 14:00:00,114.38,115.25,113.69,114.23,21824.83
2022-02-09 15:00:00,114.23,114.93,112.91,113.28,19608.65
2022-02-09 16:00:00,113.29,114.92,112.59,114.66,26072.78
2022-02-09 17:00:00,114.66,115.06,114.14,114.46,19723.75
2022-02-09 18:00:00,114.43,114.55,113.24,114.18,12199.0
2022-02-09 19:00:00,114.18,115.76,113.91,115.1,32762.57
2022-02-09 20:00:00,115.19,116.49,115.19,115.83,31754.89
2022-02-09 21:00:00,115.83,115.98,114.57,114.57,13632.53
2022-02-09 22:00:00,114.58,115.26,114.04,115.04,20904.92
2022-02-09 23:00:00,115.03,115.16,113.73,114.07,14154.99
2022-02-10 00:00:00,114.07,114.16,113.1,113.39,13407.51
2022-02-10 01:00:00,113.41,113.68,112.64,113.38,10626.04
2022-02-10 02:00:00,113.38,113.78,111.29,111.3,24601.06
2022-02-10 03:00:00,111.29,111.62,110.7,111.07,21245.0
2022-02-10 04:00:00,111.1,112.01,110.89,111.67,16016.8
2022-02-10 05:00:00,111.66,111.92,111.26,111.68,9330.73
2022-02-10 06:00:00,111.73,112.2,111.27,111.9,12560.67
2022-02-10 07:00:00,111.86,112.6,111.83,112.49,11880.43
2022-02-10 08:00:00,112.46,112.81,112.14,112.68,16115.64
2022-02-10 09:00:00,112.69,113.42,112.6,113.39,26617.03
2022-02-10 10:00:00,113.38,114.57,113.17,113.68,27865.41
2022-02-10 11:00:00,113.69,115.03,112.89,113.89,42048.25
2022-02-10 12:00:00,113.87,114.25,112.74,113.39,22157.42
2022-02-10 13:00:00,113.39,114.07,107.29,107.95,70355.67
2022-02-10 14:00:00,107.92,110.0,105.84,109.89,59525.88
2022-02-10 15:00:00,109.97,113.88,109.04,112.07,74251.85
2022-02-10 16:00:00,112.03,112.9,111.06,112.04,31199.92
2022-02-10 17:00:00,112.09,113.1,110.84,111.54,48196.46
2022-02-10 18:00:00,111.54,111.97,109.71,110.1,31487.06
2022-02-10 19:00:00,110.1,110.12,108.2,108.96,23541.33
2022-02-10 20:00:00,108.96,109.57,108.2,109.1,18066.76
2022-02-10 21:00:00,109.18,109.37,107.67,108.13,12672.28
2022-02-10 22:00:00,108.13,108.94,107.57,108.17,9534.97
2022-02-10 23:00:00,108.18,108.54,105.8,106.15,16394.8
2022-02-11 00:00:00,106.24,106.47,103.71,104.72,36163.86
2022-02-11 01:00:00,104.71,106.7,104.44,105.32,26045.86
2022-02-11 02:00:00,105.33,105.4,104.05,104.3,14177.99
2022-02-11 03:00:00,104.3,105.16,104.14,104.73,16482.06
2022-02-11 04:00:00,104.73,105.45,104.4,104.8,16447.14
2022-02-11 05:00:00,104.79,104.8,103.34,103.38,22321.18
2022-02-11 06:00:00,103.4,105.05,103.33,104.94,14814.22
2022-02-11 07:00:00,104.96,105.89,104.82,105.78,14834.21
2022-02-11 08:00:00,105.81,106.42,104.57,104.57,14536.82
2022-02-11 09:00:00,104.59,106.29,104.53,106.15,19549.56
2022-02-11 10:00:00,106.13,106.55,105.5,106.24,14121.22
2022-02-11 11:00:00,106.24,106.42,105.42,105.62,13120.71
2022-02-11 12:00:00,105.63,106.72,105.11,106.52,15009.71
2022-02-11 13:00:00,106.54,107.99,106.4,107.79,24805.18
2022-02-11 14:00:00,107.79,108.23,106.64,107.21,37321.55
2022-02-11 15:00:00,107.21,107.73,106.64,106.92,28720.03
2022-02-11 16:00:00,106.9,107.17,105.02,105.99,25987.87
2022-02-11 17:00:00,105.94,106.53,105.42,105.55,9588.03
2022-02-11 18:00:00,105.59,106.0,100.76,100.86,37357.4
2022-02-11 19:00:00,100.82,101.52,99.28,99.78,64647.65
2022-02-11 20:00:00,99.7,100.13,96.37,97.67,53834.27
2022-02-11 21:00:00,97.75,98.6,97.27,97.45,19663.6
2022-02-11 22:00:00,97.43,97.74,95.31,95.61,30270.96
2022-02-11 23:00:00,95.62,97.0,95.2,96.57,25392.01
2022-02-12 00:00:00,96.56,96.64,95.46,96.5,14316.85
2022-02-12 01:00:00,96.51,97.9,96.2,97.81,13899.16
2022-02-12 02:00:00,97.81,98.52,97.61,98.09,21296.27
2022-02-12 03:00:00,98.08,98.1,96.36,96.95,15833.91
2022-02-12 04:00:00,97.0,97.69,96.1,96.78,24965.75
2022-02-12 05:00:00,96.79,97.19,95.83,96.15,10531.66
2022-02-12 06:00:00,96.14,96.24,92.83,94.83,46935.77
2022-02-12 07:00:00,94.83,95.44,93.28,93.8,31932.94
2022-02-12 08:00:00,93.81,95.92,93.81,95.28,24218.31
2022-02-12 09:00:00,95.28,96.0,94.8,95.84,14947.32
2022-02-12 10:00:00,95.86,95.86,94.47,95.23,15619.7
2022-02-12 11:00:00,95.26,96.27,93.87,96.14,23444.01
2022-02-12 12:00:00,96.13,96.23,95.06,95.48,12386.39
2022-02-12 13:00:00,95.56,96.01,95.09,95.09,13934.3
2022-02-12 14:00:00,95.09,95.53,93.78,94.64,22764.38
2022-02-12 15:00:00,94.69,95.31,93.59,95.06,22121.38
2022-02-12 16:00:00,95.04,97.69,94.73,97.37,35977.4
2022-02-12 17:00:00,97.37,97.85,96.81,97.69,17720.52
2022-02-12 18:00:00,97.77,99.87,97.65,98.46,44727.64
2022-02-12 19:00:00,98.47,98.65,97.03,97.23,21829.78
2022-02-12 20:00:00,97.22,98.36,96.81,97.89,14738.64
2022-02-12 21:00:00,97.87,97.9,94.44,95.25,24988.23
2022-02-12 22:00:00,95.21,96.59,95.1,96.18,15123.33
2022-02-12 23:00:00,96.19,96.42,95.2,96.02,13604.13
2022-02-13 00:00:00,96.02,97.42,95.17,97.0,14874.95
2022-02-13 01:00:00,96.99,97.35,95.96,96.1,9376.26
2022-02-13 02:00:00,96.15,96.45,95.66,96.25,6375.3
2022-02-13 03:00:00,96.26,96.46,95.61,96.0,7754.73
2022-02-13 04:00:00,96.03,96.42,95.27,95.66,6853.45
2022-02-13 05:00:00,95.7,96.22,95.31,95.77,9552.54
2022-02-13 06:00:00,95.77,96.71,95.65,96.67,17165.31
2022-02-13 07:00:00,96.65,96.75,96.07,96.39,9232.35
2022-02-13 08:00:00,96.36,97.07,96.02,96.82,13110.38
2022-02-13 09:00:00,96.83,96.85,96.2,96.29,6736.95
2022-02-13 10:00:00,96.29,96.74,95.5,96.45,14062.94
2022-02-13 11:00:00,96.46,96.92,96.15,96.27,8489.87
2022-02-13 12:00:00,96.26,96.84,96.05,96.39,8268.51
2022-02-13 13:00:00,96.41,96.67,96.09,96.41,8769.47
2022-02-13 14:00:00,96.41,96.99,95.47,96.02,17185.83
2022-02-13 15:00:00,96.02,96.36,95.58,95.65,14748.09
2022-02-13 16:00:00,95.69,95.71,93.57,94.01,28906.58
2022-02-13 17:00:00,94.04,94.04,92.85,93.52,23590.61
2022-02-13 18:00:00,93.53,94.15,91.43,91.75,27030.76
2022-02-13 19:00:00,91.74,92.89,91.58,92.27,17340.3
2022-02-13 20:00:00,92.31,93.66,91.98,93.66,15968.06
2022-02-13 21:00:00,93.66,94.02,92.85,93.04,11680.42
2022-02-13 22:00:00,93.05,94.14,93.05,93.79,7126.92
2022-02-13 23:00:00,93.8,93.9,92.65,92.87,13558.26
2022-02-14 00:00:00,92.9,93.33,91.87,92.81,15518.29
2022-02-14 01:00:00,92.79,92.96,90.91,91.18,19770.89
2022-02-14 02:00:00,91.19,92.43,90.8,91.66,14445.76
2022-02-14 03:00:00,91.71,93.81,90.44,93.58,34122.51
2022-02-14 04:00:00,93.63,93.83,92.88,93.78,12512.88
2022-02-14 05:00:00,93.8,94.07,92.84,92.91,11122.5
2022-02-14 06:00:00,92.91,94.92,92.76,94.63,18159.58
2022-02-14 07:00:00,94.63,94.92,94.0,94.85,15490.76
2022-02-14 08:00:00,94.86,94.96,93.69,93.78,20009.08
2022-02-14 09:00:00,93.74,93.8,92.34,92.49,21372.33
2022-02-14 10:00:00,92.49,92.92,91.9,92.72,16416.83
2022-02-14 11:00:00,92.72,93.53,92.43,93.18,13563.92
2022-02-14 12:00:00,93.18,95.04,92.35,95.02,27180.09
2022-02-14 13:00:00,95.04,96.0,94.69,95.4,28754.51
2022-02-14 14:00:00,95.37,97.92,95.37,97.27,39042.65
2022-02-14 15:00:00,97.29,97.85,96.08,96.6,30878.23
2022-02-14 16:00:00,96.65,97.98,96.47,97.55,22210.14
2022-02-14 17:00:00,97.55,97.55,96.59,96.79,15921.5
2022-02-14 18:00:00,96.79,96.84,94.85,95.07,21019.43
2022-02-14 19:00:00,95.05,95.27,93.38,94.38,32993.13
2022-02-14 20:00:00,94.39,95.57,93.66,94.89,19084.47
2022-02-14 21:00:00,94.92,95.76,94.64,95.48,11559.55
2022-02-14 22:00:00,95.49,97.21,95.49,96.88,15108.79
2022-02-14 23:00:00,96.89,97.03,96.26,96.38,8533.7
2022-02-15 00:00:00,96.42,97.66,96.42,97.01,13384.92
2022-02-15 01:00:00,97.06,102.23,96.82,102.07,53730.1
2022-02-15 02:00:00,102.07,102.53,101.12,101.57,22388.51
2022-02-15 03:00:00,101.59,101.85,101.12,101.34,9783.86
2022-02-15 04:00:00,101.41,101.88,100.43,101.03,20574.84
2022-02-15 05:00:00,101.01,101.39,100.46,100.52,15744.07
2022-02-15 06:00:00,100.54,101.56,100.42,100.98,12982.61
2022-02-15 07:00:00,100.98,102.33,100.84,102.04,15365.07
2022-02-15 08:00:00,102.05,104.08,101.37,102.86,42488.94
2022-02-15 09:00:00,102.85,103.34,101.82,102.74,23208.33
2022-02-15 10:00:00,102.75,103.76,102.46,103.03,29099.71
2022-02-15 11:00:00,103.05,103.32,102.18,102.47,19065.62
2022-02-15 12:00:00,102.46,102.68,101.61,102.2,22187.95
2022-02-15 13:00:00,102.24,102.49,100.74,101.76,20432.78
2022-02-15 14:00:00,101.76,103.37,101.71,102.6,26313.21
2022-02-15 15:00:00,102.65,103.28,102.05,102.83,17836.28
2022-02-15 16:00:00,102.87,103.3,101.87,102.07,15757.47
2022-02-15 17:00:00,102.08,102.27,100.91,101.49,20460.91
2022-02-15 18:00:00,101.49,102.67,101.2,102.43,12898.49
2022-02-15 19:00:00,102.39,102.5,101.49,101.62,20034.76
2022-02-15 20:00:00,101.66,102.49,101.5,101.71,22090.59
2022-02-15 21:00:00,101.72,101.81,101.03,101.3,7417.54
2022-02-15 22:00:00,101.32,103.44,101.16,102.66,19590.18
2022-02-15 23:00:00,102.71,105.82,102.41,105.56,36169.27
2022-02-16 00:00:00,105.59,105.67,103.14,103.59,20082.82
2022-02-16 01:00:00,103.58,103.61,102.65,103.24,16599.02
2022-02-16 02:00:00,103.23,103.56,102.55,103.38,8726.48
2022-02-16 03:00:00,103.41,103.8,102.8,102.88,7669.45
2022-02-16 04:00:00,102.88,103.02,100.87,102.0,23359.32
2022-02-16 05:00:00,102.01,102.84,101.85,102.78,9481.48
2022-02-16 06:00:00,102.78,103.55,102.72,103.21,10241.0
2022-02-16 07:00:00,103.19,104.48,102.56,104.28,17193.74
2022-02-16 08:00:00,104.32,104.49,103.6,103.65,14777.03
2022-02-16 09:00:00,103.65,103.94,102.91,102.95,13523.12
2022-02-16 10:00:00,102.98,103.0,101.53,102.37,24586.22
2022-02-16 11:00:00,102.43,102.81,102.26,102.59,10782.96
2022-02-16 12:00:00,102.54,102.79,101.74,101.93,7831.08
2022-02-16 13:00:00,101.92,102.03,99.11,99.54,46987.44
2022-02-16 14:00:00,99.55,100.27,98.3,99.01,36726.19
2022-02-16 15:00:00,99.01,99.67,98.82,99.15,23156.14
2022-02-16 16:00:00,99.16,99.81,98.34,99.54,17652.67
2022-02-16 17:00:00,99.61,99.74,98.75,99.17,11368.64
2022-02-16 18:00:00,99.16,100.26,98.76,100.13,12313.15
2022-02-16 19:00:00,100.1,104.0,99.36,103.3,54472.48
2022-02-16 20:00:00,103.31,103.58,102.42,102.68,19474.32
2022-02-16 21:00:00,102.64,103.1,101.68,102.33,12467.36
2022-02-16 22:00:00,102.36,103.09,101.98,102.63,7497.36
2022-02-16 23:00:00,102.68,103.16,101.63,101.9,9891.19
2022-02-17 00:00:00,101.92,102.71,101.45,102.6,11391.61
2022-02-17 01:00:00,102.57,102.87,101.99,102.25,8509.52
2022-02-17 02:00:00,102.26,102.28,101.21,101.54,12377.06
2022-02-17 03:00:00,101.54,101.61,99.2,99.27,22848.97
2022-02-17 04:00:00,99.24,99.8,98.11,99.56,23993.54
2022-02-17 05:00:00,99.55,100.08,98.24,99.59,17247.32
2022-02-17 06:00:00,99.57,100.89,99.44,100.55,10175.74
2022-02-17 07:00:00,100.58,101.02,99.92,100.97,11508.01
2022-02-17 08:00:00,100.97,101.15,98.42,99.36,27581.53
2022-02-17 09:00:00,99.35,99.8,97.76,99.05,19869.63
2022-02-17 10:00:00,99.06,99.41,98.17,98.44,12314.83
2022-02-17 11:00:00,98.41,99.26,98.28,99.13,9205.26
2022-02-17 12:00:00,99.17,99.77,98.86,99.02,14027.34
2022-02-17 13:00:00,99.04,99.33,97.18,97.6,29174.14
2022-02-17 14:00:00,97.59,98.44,96.65,97.1,29976.08
2022-02-17 15:00:00,97.08,97.79,96.66,97.4,24513.79
2022-02-17 16:00:00,97.4,97.85,96.72,97.23,21425.96
2022-02-17 17:00:00,97.23,97.47,95.4,95.88,22780.8
2022-02-17 18:00:00,95.87,96.23,93.08,95.3,43735.83
2022-02-17 19:00:00,95.26,95.26,94.05,95.01,18560.3
2022-02-17 20:00:00,94.98,94.98,93.48,94.14,30015.63
2022-02-17 21:00:00,94.16,94.52,92.41,94.16,31583.32
2022-02-17 22:00:00,94.13,94.49,93.13,94.12,12069.51
2022-02-17 23:00:00,94.13,94.42,93.26,93.58,13415.22
2022-02-18 00:00:00,93.62,94.63,92.83,94.58,15941.25
2022-02-18 01:00:00,94.55,95.54,94.01,95.02,14541.19
2022-02-18 02:00:00,95.04,95.55,93.28,94.22,26628.85
2022-02-18 03:00:00,94.23,94.57,93.85,94.42,6972.64
2022-02-18 04:00:00,94.47,94.79,93.86,93.9,9892.35
2022-02-18 05:00:00,94.0,94.76,93.93,94.53,10288.16
2022-02-18 06:00:00,94.55,95.33,94.42,95.16,7244.29
2022-02-18 07:00:00,95.15,95.55,94.91,95.23,10611.42
2022-02-18 08:00:00,95.25,96.44,95.22,96.29,19784.93
2022-02-18 09:00:00,96.28,96.39,95.64,95.77,10157.23
2022-02-18 10:00:00,95.77,95.92,95.15,95.82,8312.0
2022-02-18 11:00:00,95.81,95.85,93.68,93.95,21828.4
2022-02-18 12:00:00,93.99,94.88,93.69,94.3,12915.03
2022-02-18 13:00:00,94.32,94.54,93.27,94.11,17580.98
2022-02-18 14:00:00,94.11,94.43,91.14,93.12,51224.71
2022-02-18 15:00:00,93.11,93.62,90.17,90.99,43394.49
2022-02-18 16:00:00,90.97,92.11,89.92,90.35,43204.62
2022-02-18 17:00:00,90.33,91.3,90.31,90.43,23612.81
2022-02-18 18:00:00,90.42,90.8,89.39,90.68,22263.17
2022-02-18 19:00:00,90.7,91.23,90.28,91.07,15098.33
2022-02-18 20:00:00,91.1,91.32,90.47,90.71,14444.22
2022-02-18 21:00:00,90.73,91.46,90.16,90.24,16919.8
2022-02-18 22:00:00,90.24,90.66,89.41,89.88,11485.35
2022-02-18 23:00:00,89.89,90.63,89.85,89.94,9577.87
2022-02-19 00:00:00,89.93,91.14,89.82,91.03,9615.21
2022-02-19 01:00:00,91.03,91.66,90.85,91.08,13569.75
2022-02-19 02:00:00,91.07,91.99,90.93,91.93,7696.15
2022-02-19 03:00:00,91.9,92.27,91.1,91.2,6850.33
2022-02-19 04:00:00,91.25,92.11,91.09,92.11,8637.76
2022-02-19 05:00:00,92.11,92.5,91.73,92.25,8416.25
2022-02-19 06:00:00,92.22,92.73,91.86,92.26,12573.52
2022-02-19 07:00:00,92.27,92.36,91.84,92.17,6859.47
2022-02-19 08:00:00,92.17,92.39,90.78,90.86,16333.22
2022-02-19 09:00:00,90.84,91.3,90.5,90.84,13708.98
2022-02-19 10:00:00,90.87,91.1,89.96,90.74,13958.73
2022-02-19 11:00:00,90.74,90.95,88.64,89.51,32045.22
2022-02-19 12:00:00,89.53,89.95,88.71,89.55,14586.92
2022-02-19 13:00:00,89.53,90.93,88.74,90.52,21411.0
2022-02-19 14:00:00,90.52,90.6,89.65,90.01,11437.07
2022-02-19 15:00:00,90.01,91.15,89.78,91.04,16154.21
2022-02-19 16:00:00,91.02,92.19,90.42,90.8,22399.42
2022-02-19 17:00:00,90.76,91.24,90.27,91.2,12849.06
2022-02-19 18:00:00,91.17,91.18,90.05,90.38,11729.87
2022-02-19 19:00:00,90.35,90.4,89.71,89.91,13352.49
2022-02-19 20:00:00,89.92,90.57,89.74,90.23,6512.28
2022-02-19 21:00:00,90.23,90.35,89.58,90.07,8252.15
2022-02-19 22:00:00,90.07,90.89,89.98,90.68,4586.5
2022-02-19 23:00:00,90.68,91.78,90.2,91.31,11822.17
2022-02-20 00:00:00,91.33,91.44,89.61,90.08,13615.47
2022-02-20 01:00:00,90.08,90.69,89.6,90.56,5483.14
2022-02-20 02:00:00,90.55,90.64,89.17,89.28,11283.51
2022-02-20 03:00:00,89.26,89.51,87.88,88.45,19235.64
2022-02-20 04:00:00,88.51,88.7,87.16,87.47,16652.99
2022-02-20 05:00:00,87.48,88.24,86.39,86.7,22120.77
2022-02-20 06:00:00,86.72,87.09,85.61,86.32,24652.58
2022-02-20 07:00:00,86.31,87.55,85.95,87.41,20355.08
2022-02-20 08:00:00,87.39,88.25,85.78,87.78,29696.65
2022-02-20 09:00:00,87.77,90.18,87.63,88.84,51193.46
2022-02-20 10:00:00,88.84,89.94,88.31,88.72,21223.99
2022-02-20 11:00:00,88.72,89.78,88.39,89.2,14846.6
2022-02-20 12:00:00,89.21,90.97,88.7,88.89,27252.97
2022-02-20 13:00:00,88.92,90.64,88.65,88.9,29485.23
2022-02-20 14:00:00,88.88,89.32,87.45,89.08,29544.69
2022-02-20 15:00:00,89.08,90.0,88.71,89.47,18237.17
2022-02-20 16:00:00,89.46,90.89,89.27,90.28,28495.72
2022-02-20 17:00:00,90.28,91.57,90.13,91.05,31227.65
2022-02-20 18:00:00,91.05,93.48,90.94,93.11,41526.29
2022-02-20 19:00:00,93.15,93.15,91.59,92.06,23060.79
2022-02-20 20:00:00,92.07,92.45,91.13,91.36,23849.99
2022-02-20 21:00:00,91.36,91.61,90.27,91.09,23808.53
2022-02-20 22:00:00,91.09,93.25,91.08,93.07,31911.53
2022-02-20 23:00:00,93.04,93.94,90.45,90.75,58286.15
2022-02-21 00:00:00,90.75,93.09,90.54,93.04,36110.83
2022-02-21 01:00:00,93.07,95.31,92.51,94.52,48913.85
2022-02-21 02:00:00,94.5,94.97,94.12,94.48,15824.78
2022-02-21 03:00:00,94.47,94.99,93.46,93.9,19027.42
2022-02-21 04:00:00,93.85,95.0,93.85,94.71,13866.75
2022-02-21 05:00:00,94.73,95.0,93.97,94.17,12540.96
2022-02-21 06:00:00,94.17,94.97,93.83,94.75,14784.91
2022-02-21 07:00:00,94.76,95.81,94.32,95.51,25190.21
2022-02-21 08:00:00,95.46,96.21,94.34,94.63,30551.44
2022-02-21 09:00:00,94.64,95.03,93.73,94.03,22037.18
2022-02-21 10:00:00,94.02,94.38,92.29,92.82,33835.43
2022-02-21 11:00:00,92.84,93.32,88.21,89.23,60114.57
2022-02-21 12:00:00,89.18,89.71,87.75,88.35,55743.6
2022-02-21 13:00:00,88.34,88.86,86.92,87.63,50247.06
2022-02-21 14:00:00,87.62,91.67,87.27,90.74,68577.7
2022-02-21 15:00:00,90.73,92.24,89.43,89.62,59752.31
2022-02-21 16:00:00,89.66,90.36,88.96,89.15,30459.76
2022-02-21 17:00:00,89.18,89.63,88.12,88.32,21662.75
2022-02-21 18:00:00,88.32,88.76,86.31,86.96,60951.95
2022-02-21 19:00:00,86.94,87.93,86.55,87.53,44755.18
2022-02-21 20:00:00,87.54,87.65,86.73,87.37,21563.32
2022-02-21 21:00:00,87.38,88.4,84.36,84.67,41427.32
2022-02-21 22:00:00,84.65,86.21,84.21,85.3,40090.28
2022-02-21 23:00:00,85.3,85.68,82.73,82.97,45360.27
2022-02-22 00:00:00,83.0,84.65,82.82,84.21,28453.87
2022-02-22 01:00:00,84.2,84.36,82.56,83.83,26065.83
2022-02-22 02:00:00,83.88,83.88,82.94,83.41,23111.65
2022-02-22 03:00:00,83.46,83.5,81.09,81.68,41195.76
2022-02-22 04:00:00,81.7,82.8,81.56,81.83,19003.16
2022-02-22 05:00:00,81.85,83.85,81.45,82.5,24558.65
2022-02-22 06:00:00,82.5,83.64,82.13,83.15,26038.21
2022-02-22 07:00:00,83.14,83.31,81.78,82.16,29068.61
2022-02-22 08:00:00,82.16,83.76,81.92,83.56,26153.6
2022-02-22 09:00:00,83.6,84.2,83.21,83.79,20013.01
2022-02-22 10:00:00,83.78,86.09,83.38,85.1,42210.18
2022-02-22 11:00:00,85.09,85.58,84.48,85.22,20200.73
2022-02-22 12:00:00,85.23,85.73,84.25,85.12,23537.15
2022-02-22 13:00:00,85.14,85.85,84.38,85.6,19604.45
2022-02-22 14:00:00,85.56,87.57,84.65,87.04,43273.48
2022-02-22 15:00:00,87.02,87.2,85.69,85.89,31781.3
2022-02-22 16:00:00,85.88,86.41,84.26,85.16,27059.21
2022-02-22 17:00:00,85.13,85.6,83.86,84.85,20358.31
2022-02-22 18:00:00,84.89,85.81,84.47,84.94,20316.51
2022-02-22 19:00:00,84.92,86.58,84.46,86.29,27879.46
2022-02-22 20:00:00,86.36,87.87,85.16,85.53,34825.4
2022-02-22 21:00:00,85.6,85.9,85.12,85.34,9510.02
2022-02-22 22:00:00,85.32,85.66,84.84,85.1,9553.25
2022-02-22 23:00:00,85.12,87.15,84.95,86.45,19920.76
2022-02-23 00:00:00,86.44,88.39,86.14,87.29,24030.96
2022-02-23 01:00:00,87.26,87.49,86.52,87.46,16944.64
2022-02-23 02:00:00,87.43,88.8,86.2,86.66,29555.9
2022-02-23 03:00:00,86.67,87.27,86.26,87.26,9926.8
2022-02-23 04:00:00,87.27,88.23,87.0,87.86,15600.59
2022-02-23 05:00:00,87.87,89.66,87.87,89.4,24788.06
2022-02-23 06:00:00,89.44,90.0,88.86,89.14,22346.29
2022-02-23 07:00:00,89.14,89.84,88.91,89.2,18504.6
2022-02-23 08:00:00,89.19,90.32,88.77,90.02,28165.62
2022-02-23 09:00:00,90.07,90.69,89.81,90.44,17508.03
2022-02-23 10:00:00,90.45,91.95,89.8,91.81,29722.31
2022-02-23 11:00:00,91.75,93.34,91.11,92.07,39495.73
2022-02-23 12:00:00,92.08,92.75,91.65,92.42,22752.68
2022-02-23 13:00:00,92.43,93.39,91.71,91.71,28615.73
2022-02-23 14:00:00,91.7,92.7,90.56,90.65,45626.21
2022-02-23 15:00:00,90.73,90.8,89.15,89.75,45056.63
2022-02-23 16:00:00,89.76,90.91,88.93,90.79,29694.16
2022-02-23 17:00:00,90.8,92.19,88.56,89.11,39665.86
2022-02-23 18:00:00,89.12,89.36,87.68,88.27,32009.39
2022-02-23 19:00:00,88.24,88.91,87.59,88.17,19525.05
2022-02-23 20:00:00,88.16,88.16,86.38,87.79,34311.04
2022-02-23 21:00:00,87.8,88.35,86.3,86.53,20927.54
2022-02-23 22:00:00,86.48,86.75,85.1,86.64,25908.42
2022-02-23 23:00:00,86.64,86.9,84.41,84.62,31931.02
2022-02-24 00:00:00,84.62,85.84,84.17,84.26,26245.43
2022-02-24 01:00:00,84.26,85.31,84.16,84.95,15974.34
2022-02-24 02:00:00,84.97,85.13,82.49,82.66,33640.68
2022-02-24 03:00:00,82.67,82.83,76.18,77.6,104330.56
2022-02-24 04:00:00,77.61,81.0,75.34,80.65,79062.07
2022-02-24 05:00:00,80.68,81.97,78.26,80.87,70907.51
2022-02-24 06:00:00,80.87,83.4,80.23,81.56,66900.88
2022-02-24 07:00:00,81.52,84.15,78.58,82.22,70861.33
2022-02-24 08:00:00,82.18,84.59,81.67,82.74,61754.37
2022-02-24 09:00:00,82.7,83.62,80.38,80.5,41084.25
2022-02-24 10:00:00,80.55,81.67,79.38,80.99,36644.78
2022-02-24 11:00:00,80.99,81.71,79.5,81.39,29939.22
2022-02-24 12:00:00,81.42,81.42,79.73,80.19,28889.04
2022-02-24 13:00:00,80.21,81.59,79.48,80.92,28439.05
2022-02-24 14:00:00,80.93,83.08,80.26,82.87,45600.96
2022-02-24 15:00:00,82.83,86.21,82.1,85.0,63307.13
2022-02-24 16:00:00,84.98,86.86,83.79,85.01,59383.95
2022-02-24 17:00:00,84.95,85.07,83.39,84.21,22696.28
2022-02-24 18:00:00,84.21,88.05,83.96,86.92,43207.15
2022-02-24 19:00:00,87.0,91.4,86.36,90.9,81463.92
2022-02-24 20:00:00,90.86,93.83,88.97,90.2,106746.41
2022-02-24 21:00:00,90.27,90.62,88.72,89.74,32780.38
2022-02-24 22:00:00,89.75,90.17,86.77,87.22,30068.01
2022-02-24 23:00:00,87.2,89.62,87.11,89.4,17313.48
2022-02-25 00:00:00,89.4,90.86,87.77,87.9,34131.18
2022-02-25 01:00:00,87.89,90.28,87.64,89.82,21863.03
2022-02-25 02:00:00,89.77,90.85,89.28,90.03,19182.72
2022-02-25 03:00:00,89.98,89.98,88.45,89.65,21313.89
2022-02-25 04:00:00,89.65,89.89,88.32,88.51,15733.33
2022-02-25 05:00:00,88.48,88.87,86.9,87.97,23808.7
2022-02-25 06:00:00,87.99,89.15,87.71,88.54,15612.26
2022-02-25 07:00:00,88.56,89.35,88.35,88.78,21231.93
2022-02-25 08:00:00,88.76,89.43,87.39,88.32,30121.28
2022-02-25 09:00:00,88.28,88.93,87.0,88.78,20948.77
2022-02-25 10:00:00,88.78,89.27,88.0,88.42,18873.53
2022-02-25 11:00:00,88.4,89.46,87.6,89.22,27579.86
2022-02-25 12:00:00,89.26,91.3,89.11,91.14,46092.48
2022-02-25 13:00:00,91.11,92.23,89.73,90.01,47686.85
2022-02-25 14:00:00,90.04,90.83,89.12,89.31,42796.3
2022-02-25 15:00:00,89.34,91.17,87.91,91.07,46954.05
2022-02-25 16:00:00,91.07,92.05,90.01,90.96,45304.57
2022-02-25 17:00:00,90.96,91.59,89.6,90.33,24762.98
2022-02-25 18:00:00,90.35,90.63,88.86,89.36,25242.36
2022-02-25 19:00:00,89.37,90.64,88.93,89.56,14190.58
2022-02-25 20:00:00,89.58,91.12,89.07,90.96,22755.83
2022-02-25 21:00:00,90.95,92.16,90.42,91.65,20096.79
2022-02-25 22:00:00,91.69,95.0,90.92,94.82,41769.59
2022-02-25 23:00:00,94.77,95.0,91.85,92.75,55963.72
2022-02-26 00:00:00,92.78,95.14,92.39,94.03,40254.54
2022-02-26 01:00:00,94.04,94.78,93.19,93.78,23948.19
2022-02-26 02:00:00,93.8,94.1,92.54,93.04,29016.43
2022-02-26 03:00:00,93.08,93.35,92.17,92.84,13755.94
2022-02-26 04:00:00,92.83,93.66,92.36,93.11,17432.67
2022-02-26 05:00:00,93.12,93.24,91.15,91.47,17811.3
2022-02-26 06:00:00,91.42,92.06,91.3,91.57,7186.23
2022-02-26 07:00:00,91.62,92.1,90.48,92.07,16007.74
2022-02-26 08:00:00,92.08,92.99,90.63,91.35,36607.25
2022-02-26 09:00:00,91.35,91.59,90.13,91.04,20346.42
2022-02-26 10:00:00,90.99,91.41,90.52,91.05,17710.88
2022-02-26 11:00:00,91.05,91.56,90.21,90.72,17077.59
2022-02-26 12:00:00,90.69,90.94,90.2,90.78,12078.29
2022-02-26 13:00:00,90.77,91.5,90.45,91.03,15473.53
2022-02-26 14:00:00,91.03,91.59,90.42,91.4,19196.6
2022-02-26 15:00:00,91.41,92.11,91.21,91.31,12545.65
2022-02-26 16:00:00,91.31,91.67,90.82,91.05,15118.71
2022-02-26 17:00:00,91.04,91.05,89.84,90.63,22669.47
2022-02-26 18:00:00,90.62,90.7,89.3,90.26,32399.27
2022-02-26 19:00:00,90.26,91.03,90.24,90.84,13260.79
2022-02-26 20:00:00,90.81,91.96,90.76,91.48,12470.49
2022-02-26 21:00:00,91.48,92.61,91.22,91.78,30957.74
2022-02-26 22:00:00,91.82,91.86,90.47,90.78,12329.54
2022-02-26 23:00:00,90.73,90.76,89.64,90.24,28244.37
2022-02-27 00:00:00,90.28,90.75,87.54,88.02,24480.63
2022-02-27 01:00:00,87.98,88.37,86.2,86.55,31521.86
2022-02-27 02:00:00,86.56,87.53,86.29,87.36,11738.47
2022-02-27 03:00:00,87.34,87.95,86.92,87.05,12293.21
2022-02-27 04:00:00,87.05,87.5,86.62,87.21,5703.97
2022-02-27 05:00:00,87.2,88.34,86.74,87.78,9244.08
2022-02-27 06:00:00,87.78,89.25,87.7,89.06,8103.95
2022-02-27 07:00:00,89.05,89.27,88.68,88.89,9695.52
2022-02-27 08:00:00,88.85,89.14,88.13,89.03,8546.19
2022-02-27 09:00:00,89.03,89.82,88.79,89.64,14359.34
2022-02-27 10:00:00,89.67,90.91,89.0,90.61,18552.17
2022-02-27 11:00:00,90.61,90.98,89.75,90.82,19245.18
2022-02-27 12:00:00,90.85,92.21,90.72,91.75,27701.62
2022-02-27 13:00:00,91.76,92.22,88.39,90.11,48704.12
2022-02-27 14:00:00,90.11,90.65,89.17,89.52,25303.9
2022-02-27 15:00:00,89.55,91.71,89.28,91.26,31072.96
2022-02-27 16:00:00,91.26,91.32,88.54,88.81,33765.05
2022-02-27 17:00:00,88.8,89.05,87.95,88.43,20779.67
2022-02-27 18:00:00,88.38,88.65,87.15,87.58,25634.59
2022-02-27 19:00:00,87.58,87.9,84.53,84.88,53526.49
2022-02-27 20:00:00,84.88,86.62,84.42,85.71,34938.8
2022-02-27 21:00:00,85.72,86.03,84.12,85.19,24243.05
2022-02-27 22:00:00,85.16,85.84,84.97,85.52,10167.35
2022-02-27 23:00:00,85.51,85.7,84.31,85.65,17750.01
2022-02-28 00:00:00,85.66,86.17,84.2,84.4,13317.34
2022-02-28 01:00:00,84.47,86.49,84.39,86.05,20035.56
2022-02-28 02:00:00,86.09,88.1,86.04,86.66,26166.22
2022-02-28 03:00:00,86.68,87.27,85.95,86.71,12135.01
2022-02-28 04:00:00,86.73,87.51,86.22,86.5,7134.52
2022-02-28 05:00:00,86.49,87.1,86.11,86.65,11469.86
2022-02-28 06:00:00,86.64,87.03,84.79,86.72,23129.37
2022-02-28 07:00:00,86.78,88.74,86.56,88.15,24612.71
2022-02-28 08:00:00,88.17,90.18,88.15,89.7,47926.44
2022-02-28 09:00:00,89.69,90.75,89.63,89.79,36178.88
2022-02-28 10:00:00,89.73,90.41,89.43,90.02,21027.67
2022-02-28 11:00:00,90.04,91.19,89.57,90.79,31810.52
2022-02-28 12:00:00,90.77,91.64,90.04,90.38,37097.07
2022-02-28 13:00:00,90.47,90.85,89.17,89.19,32104.43
2022-02-28 14:00:00,89.21,95.14,88.88,94.84,97049.4
2022-02-28 15:00:00,94.87,97.0,93.62,95.62,82269.62
2022-02-28 16:00:00,95.63,97.24,94.63,95.4,68096.68
2022-02-28 17:00:00,95.4,96.22,94.27,96.2,30012.26
2022-02-28 18:00:00,96.23,96.83,95.61,96.47,36585.11
2022-02-28 19:00:00,96.47,96.55,95.82,96.24,20717.16
2022-02-28 20:00:00,96.23,99.98,95.93,99.55,60480.37
2022-02-28 21:00:00,99.55,99.55,96.93,97.61,43309.77
2022-02-28 22:00:00,97.62,102.77,97.48,98.43,62995.24
2022-02-28 23:00:00,98.45,100.0,98.07,99.7,32746.49
